내용,종류,수준
가게,낱말,
가격,낱말,
가고,낱말,
가니,낱말,
가되,낱말,
가라,낱말,
가로,낱말,
가룟,낱말,
가루,낱말,
가를,낱말,
가만,낱말,
가사,낱말,
가서,낱말,
가시,낱말,
가실,낱말,
가에,낱말,
가자,낱말,
가장,낱말,
가져,낱말,
가죽,낱말,
가지,낱말,
가진,낱말,
각각,낱말,
각종,낱말,
갈게,낱말,
갈라,낱말,
갈새,낱말,
감람,낱말,
감사,낱말,
감히,낱말,
값에,낱말,
값진,낱말,
갔다,낱말,
강도,낱말,
강에,낱말,
강한,낱말,
갖다,낱말,
같게,낱말,
같고,낱말,
같다,낱말,
같은,낱말,
같이,낱말,
같지,낱말,
갚게,낱말,
갚기,낱말,
갚을,낱말,
개나,낱말,
개로,낱말,
개와,낱말,
거기,낱말,
거둘,낱말,
거리,낱말,
거저,낱말,
거짓,낱말,
건너,낱말,
걷는,낱말,
걸러,낱말,
검게,낱말,
검을,낱말,
것과,낱말,
것도,낱말,
것은,낱말,
것을,낱말,
것이,낱말,
겉도,낱말,
겉옷,낱말,
겉은,낱말,
견딘,낱말,
결코,낱말,
경문,낱말,
경히,낱말,
곁에,낱말,
계명,낱말,
계신,낱말,
계실,낱말,
고을,낱말,
고쳐,낱말,
고통,낱말,
곡식,낱말,
곧게,낱말,
곳에,낱말,
곳은,낱말,
곳을,낱말,
곳이,낱말,
과연,낱말,
관정,낱말,
교인,낱말,
구름,낱말,
군단,낱말,
굳게,낱말,
굳은,낱말,
굴려,낱말,
굴이,낱말,
굶겨,낱말,
권위,낱말,
귀는,낱말,
귀로,낱말,
귀를,낱말,
귀신,낱말,
귀한,낱말,
그가,낱말,
그냥,낱말,
그는,낱말,
그도,낱말,
그들,낱말,
그로,낱말,
그를,낱말,
그리,낱말,
그물,낱말,
그와,낱말,
그의,낱말,
극히,낱말,
글을,낱말,
글이,낱말,
금을,낱말,
급히,낱말,
기운,낱말,
기타,낱말,
길게,낱말,
길과,낱말,
길로,낱말,
길에,낱말,
길을,낱말,
길이,낱말,
깁는,낱말,
깊은,낱말,
깊지,낱말,
깨어,낱말,
꺾지,낱말,
꿇고,낱말,
꿇어,낱말,
꿈에,낱말,
꿰어,낱말,
끄지,낱말,
끌고,낱말,
끌려,낱말,
끌어,낱말,
끝내,낱말,
끝은,낱말,
끝이,낱말,
나가,낱말,
나간,낱말,
나갈,낱말,
나고,낱말,
나귀,낱말,
나눠,낱말,
나는,낱말,
나니,낱말,
나도,낱말,
나되,낱말,
나로,낱말,
나를,낱말,
나며,낱말,
나무,낱말,
나쁜,낱말,
나서,낱말,
나신,낱말,
나온,낱말,
나와,낱말,
나은,낱말,
나의,낱말,
나중,낱말,
나팔,낱말,
낚는,낱말,
난리,낱말,
날개,낱말,
날과,낱말,
날까,낱말,
날로,낱말,
날에,낱말,
날의,낱말,
날이,낱말,
낡은,낱말,
남방,낱말,
남은,낱말,
남을,낱말,
남의,낱말,
남지,낱말,
남편,낱말,
낫지,낱말,
낳고,낱말,
낳은,낱말,
낳을,낱말,
내가,낱말,
내게,낱말,
내고,낱말,
내려,낱말,
내며,낱말,
내면,낱말,
내어,낱말,
내일,낱말,
내지,낱말,
냉수,낱말,
너는,낱말,
너도,낱말,
너로,낱말,
너를,낱말,
너와,낱말,
너의,낱말,
너희,낱말,
넓게,낱말,
넓어,낱말,
넘겨,낱말,
넣고,낱말,
넣는,낱말,
넣어,낱말,
넣지,낱말,
네가,낱말,
네게,낱말,
놀고,낱말,
놀라,낱말,
놀이,낱말,
높여,낱말,
높은,낱말,
높지,낱말,
놓고,낱말,
놓아,낱말,
놓은,낱말,
누가,낱말,
누운,낱말,
누워,낱말,
눈에,낱말,
눈은,낱말,
눈을,낱말,
눈이,낱말,
능히,낱말,
다른,낱말,
다리,낱말,
다만,낱말,
다섯,낱말,
다시,낱말,
다윗,낱말,
다음,낱말,
다한,낱말,
닫고,낱말,
달라,낱말,
달아,낱말,
달이,낱말,
닭이,낱말,
담고,낱말,
담아,낱말,
당할,낱말,
대게,낱말,
대는,낱말,
대로,낱말,
대며,낱말,
대어,낱말,
대요,낱말,
대한,낱말,
더디,낱말,
더욱,낱말,
더할,낱말,
던져,낱말,
데로,낱말,
데서,낱말,
데에,낱말,
도로,낱말,
도를,낱말,
돈을,낱말,
돋은,낱말,
돌려,낱말,
돌로,낱말,
돌아,낱말,
돌에,낱말,
돌을,낱말,
돌이,낱말,
동료,낱말,
동생,낱말,
동안,낱말,
동을,낱말,
돼지,낱말,
되게,낱말,
되고,낱말,
되는,낱말,
되되,낱말,
되라,낱말,
되매,낱말,
되면,낱말,
되신,낱말,
되어,낱말,
되지,낱말,
됨을,낱말,
두고,낱말,
두라,낱말,
두루,낱말,
두세,낱말,
두어,낱말,
두지,낱말,
둘러,낱말,
둘을,낱말,
둘이,낱말,
둘째,낱말,
둠이,낱말,
뒤로,낱말,
뒤에,낱말,
드는,낱말,
드려,낱말,
듣고,낱말,
듣는,낱말,
듣지,낱말,
들게,낱말,
들고,낱말,
들려,낱말,
들린,낱말,
들어,낱말,
들에,낱말,
들여,낱말,
들의,낱말,
들지,낱말,
등경,낱말,
등과,낱말,
등을,낱말,
따라,낱말,
따로,낱말,
따를,낱말,
딸아,낱말,
딸을,낱말,
딸이,낱말,
땅과,낱말,
땅에,낱말,
땅을,낱말,
땅의,낱말,
땅이,낱말,
때가,낱말,
때는,낱말,
때도,낱말,
때를,낱말,
때에,낱말,
때와,낱말,
떠나,낱말,
떠난,낱말,
떡에,낱말,
떡을,낱말,
떡의,낱말,
떡이,낱말,
떨며,낱말,
떨어,낱말,
떼가,낱말,
떼어,낱말,
떼에,낱말,
또는,낱말,
또한,낱말,
뚫고,낱말,
뚫지,낱말,
뜰에,낱말,
뜻을,낱말,
뜻이,낱말,
띠고,낱말,
띠를,낱말,
라마,낱말,
람은,낱말,
람을,낱말,
리나,낱말,
리를,낱말,
마른,낱말,
마실,낱말,
마치,낱말,
마침,낱말,
마태,낱말,
막혀,낱말,
만나,낱말,
만든,낱말,
만일,낱말,
만큼,낱말,
만한,낱말,
많고,낱말,
많되,낱말,
많은,낱말,
많이,낱말,
말고,낱말,
말과,낱말,
말도,낱말,
말라,낱말,
말려,낱말,
말로,낱말,
말만,낱말,
말며,낱말,
말은,낱말,
말을,낱말,
말의,낱말,
말이,낱말,
말자,낱말,
말한,낱말,
말할,낱말,
맛을,낱말,
맡아,낱말,
매긴,낱말,
매면,낱말,
매우,낱말,
매인,낱말,
매일,낱말,
맹인,낱말,
맺고,낱말,
맺는,낱말,
맺을,낱말,
맺지,낱말,
머리,낱말,
먹게,낱말,
먹고,낱말,
먹는,낱말,
먹은,낱말,
먹을,낱말,
먹지,낱말,
먼저,낱말,
멀고,낱말,
멍에,낱말,
메고,낱말,
메는,낱말,
명을,낱말,
명한,낱말,
몇이,낱말,
모는,낱말,
모독,낱말,
모두,낱말,
모든,낱말,
모래,낱말,
모아,낱말,
모여,낱말,
모인,낱말,
모일,낱말,
목에,낱말,
목을,낱말,
목자,낱말,
몸과,낱말,
몸에,낱말,
몸은,낱말,
몸을,낱말,
몸의,낱말,
몸이,낱말,
몹시,낱말,
못된,낱말,
못할,낱말,
무덤,낱말,
무릇,낱말,
무리,낱말,
무슨,낱말,
묶고,낱말,
묶어,낱말,
문득,낱말,
문안,낱말,
문에,낱말,
문은,낱말,
문을,낱말,
묻고,낱말,
묻는,낱말,
묻되,낱말,
물러,낱말,
물려,낱말,
물로,낱말,
물어,낱말,
물을,낱말,
미리,낱말,
믿고,낱말,
믿는,낱말,
믿은,낱말,
믿지,낱말,
밀밭,낱말,
바깥,낱말,
바는,낱말,
바니,낱말,
바다,낱말,
바로,낱말,
바와,낱말,
바위,낱말,
바칠,낱말,
박고,낱말,
박은,낱말,
박힌,낱말,
밖에,낱말,
반석,낱말,
받게,낱말,
받고,낱말,
받는,낱말,
받되,낱말,
받아,낱말,
받은,낱말,
받을,낱말,
받지,낱말,
발로,낱말,
발을,낱말,
발의,낱말,
발이,낱말,
밝을,낱말,
밝히,낱말,
밟고,낱말,
밟힐,낱말,
밤낮,낱말,
밤에,낱말,
방금,낱말,
밭에,낱말,
밭은,낱말,
밭을,낱말,
밭의,낱말,
배가,낱말,
배나,낱말,
배로,낱말,
배를,낱말,
배에,낱말,
배와,낱말,
배의,낱말,
백성,낱말,
백체,낱말,
뱀을,낱말,
뱉고,낱말,
버려,낱말,
버린,낱말,
번개,낱말,
번뿐,낱말,
번을,낱말,
번째,낱말,
벌써,낱말,
벌에,낱말,
베어,낱말,
베푼,낱말,
별을,낱말,
별이,낱말,
병과,낱말,
병든,낱말,
병에,낱말,
병을,낱말,
보게,낱말,
보고,낱말,
보기,낱말,
보는,낱말,
보니,낱말,
보던,낱말,
보라,낱말,
보러,낱말,
보매,낱말,
보며,낱말,
보면,낱말,
보물,낱말,
보여,낱말,
보일,낱말,
보자,낱말,
보지,낱말,
복이,낱말,
본래,낱말,
부는,낱말,
부은,낱말,
부자,낱말,
부활,낱말,
분봉,낱말,
분히,낱말,
불러,낱말,
불로,낱말,
불어,낱말,
불에,낱말,
불지,낱말,
붉고,낱말,
비가,낱말,
비고,낱말,
비를,낱말,
비싼,낱말,
빌라,낱말,
빚을,낱말,
빚진,낱말,
빛과,낱말,
빛난,낱말,
빛을,낱말,
빛이,낱말,
빠져,낱말,
빨리,낱말,
빼게,낱말,
빼어,낱말,
뺨을,낱말,
뼈와,낱말,
뽑아,낱말,
뽑힐,낱말,
뿌린,낱말,
사니,낱말,
사라,낱말,
사람,낱말,
사러,낱말,
사서,낱말,
사십,낱말,
사천,낱말,
사흘,낱말,
삯을,낱말,
산에,낱말,
산을,낱말,
살아,낱말,
살진,낱말,
삼가,낱말,
삼십,낱말,
삼아,낱말,
상과,낱말,
상을,낱말,
상이,낱말,
상전,낱말,
상한,낱말,
새도,낱말,
새를,낱말,
생베,낱말,
생선,낱말,
서로,낱말,
서서,낱말,
서지,낱말,
선생,낱말,
선을,낱말,
선한,낱말,
섰던,낱말,
성소,낱말,
성에,낱말,
성이,낱말,
성전,낱말,
세겔,낱말,
세금,낱말,
세대,낱말,
세례,낱말,
세로,낱말,
세를,낱말,
세리,낱말,
세상,낱말,
세신,낱말,
셋을,낱말,
소돔,낱말,
소리,낱말,
소와,낱말,
속에,낱말,
속은,낱말,
손과,낱말,
손에,낱말,
손을,낱말,
수가,낱말,
수는,낱말,
수만,낱말,
숨겨,낱말,
숨은,낱말,
쉬게,낱말,
쉬라,낱말,
쉼을,낱말,
쉽고,낱말,
슬기,낱말,
슬픈,낱말,
슬피,낱말,
시돈,낱말,
시몬,낱말,
시온,낱말,
시집,낱말,
신성,낱말,
신을,낱말,
심은,낱말,
심지,낱말,
심판,낱말,
심히,낱말,
싸서,낱말,
싹이,낱말,
쌓아,낱말,
쌓은,낱말,
쓰는,낱말,
쓸개,낱말,
씨는,낱말,
씨를,낱말,
씻지,낱말,
아기,낱말,
아내,낱말,
아는,낱말,
아니,낱말,
아닌,낱말,
아들,낱말,
아래,낱말,
아멘,낱말,
아무,낱말,
아이,낱말,
아주,낱말,
아직,낱말,
악한,낱말,
안식,낱말,
안에,낱말,
안을,낱말,
앉게,낱말,
앉는,낱말,
앉아,낱말,
앉은,낱말,
앉을,낱말,
않게,낱말,
않고,낱말,
않는,낱말,
않다,낱말,
않은,낱말,
않을,낱말,
알게,낱말,
알고,낱말,
알라,낱말,
알지,낱말,
앓는,낱말,
앓아,낱말,
앞서,낱말,
앞에,낱말,
애를,낱말,
약한,낱말,
양과,낱말,
양은,낱말,
양을,낱말,
양의,낱말,
얕은,낱말,
어느,낱말,
어디,낱말,
어떤,낱말,
어린,낱말,
어찌,낱말,
얹어,낱말,
얻게,낱말,
얻기,낱말,
얻는,낱말,
얻되,낱말,
얻어,낱말,
얻은,낱말,
얻을,낱말,
얻지,낱말,
엄히,낱말,
업신,낱말,
없게,낱말,
없고,낱말,
없는,낱말,
없다,낱말,
없어,낱말,
없을,낱말,
없이,낱말,
엘리,낱말,
여겨,낱말,
여기,낱말,
여러,낱말,
여자,낱말,
엮어,낱말,
연석,낱말,
연자,낱말,
열네,낱말,
열두,낱말,
열둘,낱말,
열릴,낱말,
열매,낱말,
열면,낱말,
열어,낱말,
열한,낱말,
염려,낱말,
엿새,낱말,
영을,낱말,
예수,낱말,
오고,낱말,
오는,낱말,
오늘,낱말,
오라,낱말,
오랜,낱말,
오른,낱말,
오매,낱말,
오사,낱말,
오실,낱말,
오직,낱말,
오천,낱말,
옥에,낱말,
올라,낱말,
옮겨,낱말,
옳게,낱말,
옳다,낱말,
옳은,낱말,
옳지,낱말,
옷에,낱말,
옷은,낱말,
옷을,낱말,
옷이,낱말,
와서,낱말,
와야,낱말,
왔다,낱말,
왕과,낱말,
왕을,낱말,
왕의,낱말,
왕이,낱말,
외에,낱말,
요단,낱말,
요셉,낱말,
요한,낱말,
우리,낱말,
울기,낱말,
울며,낱말,
원치,낱말,
위로,낱말,
위에,낱말,
유다,낱말,
유대,낱말,
육십,낱말,
율법,낱말,
은을,낱말,
음식,낱말,
의가,낱말,
의를,낱말,
의에,낱말,
의의,낱말,
의인,낱말,
이가,낱말,
이길,낱말,
이는,낱말,
이런,낱말,
이로,낱말,
이룬,낱말,
이른,낱말,
이를,낱말,
이름,낱말,
이리,낱말,
이미,낱말,
이어,낱말,
이에,낱말,
이여,낱말,
이와,낱말,
이유,낱말,
이제,낱말,
이혼,낱말,
일곱,낱말,
일과,낱말,
일도,낱말,
일로,낱말,
일만,낱말,
일에,낱말,
일은,낱말,
일을,낱말,
일이,낱말,
일점,낱말,
일흔,낱말,
읽어,낱말,
읽지,낱말,
잃는,낱말,
잃은,낱말,
잃을,낱말,
잃지,낱말,
임금,낱말,
임할,낱말,
입고,낱말,
입은,낱말,
입을,낱말,
입지,낱말,
입혀,낱말,
있고,낱말,
있는,낱말,
있다,낱말,
있던,낱말,
있어,낱말,
있은,낱말,
있을,낱말,
있지,낱말,
자가,낱말,
자고,낱말,
자기,낱말,
자나,낱말,
자는,낱말,
자니,낱말,
자던,낱말,
자도,낱말,
자라,낱말,
자란,낱말,
자로,낱말,
자를,낱말,
자손,낱말,
자신,낱말,
자야,낱말,
자여,낱말,
자와,낱말,
자요,낱말,
자의,낱말,
자주,낱말,
작다,낱말,
작은,낱말,
작지,낱말,
잔과,낱말,
잔다,낱말,
잔디,낱말,
잔을,낱말,
잔이,낱말,
잘라,낱말,
잘새,낱말,
잠시,낱말,
잡고,낱말,
잡는,낱말,
잡아,낱말,
잡은,낱말,
잡지,낱말,
장가,낱말,
장차,낱말,
재에,낱말,
저가,낱말,
저기,낱말,
저는,낱말,
저를,낱말,
저물,낱말,
저편,낱말,
적은,낱말,
적이,낱말,
전부,낱말,
전에,낱말,
제게,낱말,
제단,낱말,
제비,낱말,
제자,낱말,
조금,낱말,
조상,낱말,
졸며,낱말,
좀과,낱말,
좁고,낱말,
좁은,낱말,
종아,낱말,
종을,낱말,
종의,낱말,
종이,낱말,
종일,낱말,
좋고,낱말,
좋다,낱말,
좋은,낱말,
좋을,낱말,
좋지,낱말,
죄가,낱말,
죄를,낱말,
죄수,낱말,
죄와,낱말,
주가,낱말,
주고,낱말,
주께,낱말,
주는,낱말,
주니,낱말,
주라,낱말,
주러,낱말,
주려,낱말,
주로,낱말,
주를,낱말,
주릴,낱말,
주매,낱말,
주며,낱말,
주신,낱말,
주실,낱말,
주어,낱말,
주여,낱말,
주와,낱말,
주운,낱말,
주의,낱말,
주지,낱말,
죽게,낱말,
죽기,낱말,
죽는,낱말,
죽어,낱말,
죽은,낱말,
죽인,낱말,
줄로,낱말,
줄을,낱말,
중에,낱말,
중의,낱말,
중한,낱말,
중히,낱말,
즉시,낱말,
즐겨,낱말,
증언,낱말,
지경,낱말,
지고,낱말,
지금,낱말,
지붕,낱말,
지옥,낱말,
지워,낱말,
지은,낱말,
지을,낱말,
지혜,낱말,
진주,낱말,
질러,낱말,
짐은,낱말,
짐을,낱말,
짐진,낱말,
집안,낱말,
집에,낱말,
집은,낱말,
집을,낱말,
집의,낱말,
집이,낱말,
짓고,낱말,
짓는,낱말,
짓되,낱말,
짜게,낱말,
짜는,낱말,
쫓아,낱말,
찍어,낱말,
찍혀,낱말,
찢어,낱말,
차게,낱말,
착한,낱말,
참새,낱말,
참아,낱말,
찾는,낱말,
찾던,낱말,
찾아,낱말,
찾지,낱말,
천국,낱말,
천하,낱말,
첫째,낱말,
청한,낱말,
쳐서,낱말,
초막,낱말,
총독,낱말,
추수,낱말,
추어,낱말,
춤을,낱말,
치고,낱말,
치는,낱말,
치던,낱말,
치지,낱말,
친히,낱말,
칼과,낱말,
칼로,낱말,
칼을,낱말,
커서,낱말,
켜서,낱말,
크게,낱말,
크고,낱말,
크냐,낱말,
크다,낱말,
클까,낱말,
키를,낱말,
타고,낱말,
타서,낱말,
타작,낱말,
택한,낱말,
터져,낱말,
틀을,낱말,
티는,낱말,
티를,낱말,
파고,낱말,
파는,낱말,
팔고,낱말,
팔아,낱말,
펴고,낱말,
표적,낱말,
풀면,낱말,
풀무,낱말,
풀어,낱말,
품고,낱말,
피가,낱말,
피를,낱말,
피리,낱말,
피에,낱말,
하게,낱말,
하고,낱말,
하기,낱말,
하나,낱말,
하는,낱말,
하늘,낱말,
하니,낱말,
하던,낱말,
하되,낱말,
하라,낱말,
하랴,낱말,
하려,낱말,
하루,낱말,
하매,낱말,
하며,낱말,
하면,낱말,
하사,낱말,
하신,낱말,
하실,낱말,
하여,낱말,
하지,낱말,
한대,낱말,
한두,낱말,
한즉,낱말,
한쪽,낱말,
할까,낱말,
함과,낱말,
함께,낱말,
함을,낱말,
함이,낱말,
항상,낱말,
해가,낱말,
해를,낱말,
해변,낱말,
해와,낱말,
행한,낱말,
향유,낱말,
헐고,낱말,
헤롯,낱말,
형을,낱말,
형제,낱말,
혹은,낱말,
혼인,낱말,
혼자,낱말,
홍수,낱말,
화가,낱말,
환난,낱말,
후에,낱말,
후의,낱말,
흘린,낱말,
흙이,낱말,
흩어,낱말,
희고,낱말,
가기를,낱말,
가까운,낱말,
가까이,낱말,
가나안,낱말,
가난한,낱말,
가니라,낱말,
가다가,낱말,
가다라,낱말,
가더니,낱말,
가둘까,낱말,
가득한,낱말,
가로되,낱말,
가루로,낱말,
가르쳐,낱말,
가르친,낱말,
가리니,낱말,
가리라,낱말,
가리켜,낱말,
가만히,낱말,
가면서,낱말,
가슴을,낱말,
가시가,낱말,
가시니,낱말,
가시매,낱말,
가실새,낱말,
가에서,낱말,
가운데,낱말,
가증한,낱말,
가지가,낱말,
가지게,낱말,
가지고,낱말,
가지는,낱말,
가지되,낱말,
가지러,낱말,
가지사,낱말,
가지에,낱말,
가지지,낱말,
간음과,낱말,
간질로,낱말,
갇혔을,낱말,
갇히신,낱말,
갈대냐,낱말,
갈대를,낱말,
갈대에,낱말,
갈리라,낱말,
갈릴리,낱말,
감추어,낱말,
감추인,낱말,
감하지,낱말,
값으로,낱말,
갔더니,낱말,
갔으니,낱말,
강도를,낱말,
강도의,낱말,
강에서,낱말,
같도다,낱말,
같으니,낱말,
같으면,낱말,
갚도록,낱말,
갚으라,낱말,
개들도,낱말,
개에게,낱말,
거기는,낱말,
거기로,낱말,
거기를,낱말,
거기서,낱말,
거기에,낱말,
거두고,낱말,
거두며,낱말,
거두어,낱말,
거룩한,낱말,
거룩히,낱말,
거슬러,낱말,
거처가,낱말,
거하니,낱말,
건강한,낱말,
건너가,낱말,
건너편,낱말,
걸려서,낱말,
걸리게,낱말,
걸림이,낱말,
걸어서,낱말,
걸으며,낱말,
것같이,낱말,
것까지,낱말,
것들은,낱말,
것들을,낱말,
것들이,낱말,
것마다,낱말,
것보다,낱말,
것으로,낱말,
것이나,낱말,
것이냐,낱말,
것이니,낱말,
것이라,낱말,
것이면,낱말,
것이요,낱말,
겉옷만,낱말,
겉옷을,낱말,
게으른,낱말,
겨자씨,낱말,
견디기,낱말,
견디는,낱말,
결단코,낱말,
결말을,낱말,
결박한,낱말,
결산할,낱말,
결실을,낱말,
결실할,낱말,
겸하여,낱말,
경비병,낱말,
계명을,낱말,
계명이,낱말,
계보라,낱말,
계시냐,낱말,
계시다,낱말,
계시를,낱말,
계시지,낱말,
고국에,낱말,
고기를,낱말,
고난을,낱말,
고모라,낱말,
고발을,낱말,
고자도,낱말,
고치는,낱말,
고치며,낱말,
고치지,낱말,
고침을,낱말,
고하니,낱말,
고하여,낱말,
고향과,낱말,
곡식은,낱말,
골고다,낱말,
골방에,낱말,
곳간에,낱말,
곳곳에,낱말,
곳에는,낱말,
곳에서,낱말,
곳으로,낱말,
공경할,낱말,
공중의,낱말,
공회가,낱말,
공회에,낱말,
관리가,낱말,
관리의,낱말,
관세와,낱말,
관정에,낱말,
관하여,낱말,
관함이,낱말,
광명한,낱말,
광야로,낱말,
광야에,낱말,
괴롭게,낱말,
교회를,낱말,
교회에,낱말,
교회의,낱말,
교훈을,낱말,
구레네,낱말,
구름을,낱말,
구름이,낱말,
구멍을,낱말,
구원을,낱말,
구원할,낱말,
구제할,낱말,
구하기,낱말,
구하나,낱말,
구하는,낱말,
구하니,낱말,
구하되,낱말,
구하라,낱말,
구하면,낱말,
구하여,낱말,
국세를,낱말,
군대를,낱말,
군사가,낱말,
군호를,낱말,
궂겠다,낱말,
권능을,낱말,
권능의,낱말,
권능이,낱말,
권세가,낱말,
권세를,낱말,
권세와,낱말,
권위로,낱말,
권위를,낱말,
권하여,낱말,
귀신을,낱말,
귀신의,낱말,
귀신이,낱말,
귀하냐,낱말,
귀하지,낱말,
그같이,낱말,
그것을,낱말,
그것이,낱말,
그늘에,낱말,
그들과,낱말,
그들도,낱말,
그들로,낱말,
그들은,낱말,
그들을,낱말,
그들의,낱말,
그들이,낱말,
그러나,낱말,
그러면,낱말,
그런데,낱말,
그런즉,낱말,
그렇게,낱말,
그렇다,낱말,
그렇지,낱말,
그릇에,낱말,
그리고,낱말,
그리로,낱말,
그물과,낱말,
그물에,낱말,
그물을,낱말,
그보다,낱말,
그에게,낱말,
그이가,낱말,
그이니,낱말,
그제야,낱말,
근방에,낱말,
근채의,낱말,
금식할,낱말,
금으로,낱말,
금이나,낱말,
금이냐,낱말,
금하지,낱말,
긍휼과,낱말,
긍휼을,낱말,
긍휼히,낱말,
기근과,낱말,
기도할,낱말,
기도해,낱말,
기록된,낱말,
기름을,낱말,
기쁘게,낱말,
기사를,낱말,
기색을,낱말,
기운을,낱말,
기회를,낱말,
길로도,낱말,
길쌈도,낱말,
길에서,낱말,
까닭요,낱말,
깨끗이,낱말,
깨끗한,낱말,
깨닫는,낱말,
깨닫지,낱말,
깨달아,낱말,
깨우며,낱말,
꺼리는,낱말,
꺼지지,낱말,
꽂으라,낱말,
꾸고자,낱말,
꾸미며,낱말,
꾸짖어,낱말,
끊고자,낱말,
끝까지,낱말,
끝에는,낱말,
끝에도,낱말,
끝에서,낱말,
끝이요,낱말,
나가고,낱말,
나가사,낱말,
나가서,낱말,
나가지,낱말,
나갔을,낱말,
나귀와,낱말,
나그네,낱말,
나누고,낱말,
나누지,낱말,
나더러,낱말,
나라가,낱말,
나라를,낱말,
나라에,낱말,
나라와,낱말,
나라의,낱말,
나려는,낱말,
나무가,낱말,
나무도,낱말,
나무를,낱말,
나병이,낱말,
나보다,낱말,
나쁘면,낱말,
나사렛,낱말,
나손은,낱말,
나손을,낱말,
나시매,낱말,
나심은,낱말,
나아가,낱말,
나아와,낱말,
나에게,낱말,
나오나,낱말,
나오는,낱말,
나오라,낱말,
나오사,낱말,
나오지,낱말,
나와서,낱말,
나음을,낱말,
나타난,낱말,
나팔을,낱말,
낙타가,낱말,
낙타는,낱말,
낙타털,낱말,
낚시를,낱말,
난리와,낱말,
날까지,낱말,
날들을,낱말,
날마다,낱말,
날부터,낱말,
날씨는,낱말,
날에는,낱말,
날이라,낱말,
남기고,낱말,
남김이,낱말,
남보다,낱말,
남에게,낱말,
남자와,낱말,
납달리,낱말,
났느냐,낱말,
낮추는,낱말,
낳으매,낱말,
내게로,낱말,
내게서,낱말,
내려올,낱말,
내려와,낱말,
내리고,낱말,
내밀라,낱말,
내밀매,낱말,
내밀어,낱말,
내보낸,낱말,
내시고,낱말,
내신다,낱말,
내오는,낱말,
내일이,낱말,
내주라,낱말,
내주며,낱말,
내쫓아,낱말,
너보다,낱말,
너희가,낱말,
너희는,낱말,
너희도,낱말,
너희로,낱말,
너희를,낱말,
너희에,낱말,
너희와,낱말,
너희의,낱말,
넘겨져,낱말,
넣어야,낱말,
넣으라,낱말,
네거리,낱말,
네게서,낱말,
노릇을,낱말,
노아가,낱말,
노아의,낱말,
노하는,낱말,
노하여,낱말,
놀라니,낱말,
놀랍게,낱말,
놈이라,낱말,
높이는,낱말,
누구냐,낱말,
누구라,낱말,
누구를,낱말,
누구의,낱말,
누룩과,낱말,
누룩을,낱말,
누룩이,낱말,
눈같이,낱말,
눈들이,낱말,
눈으로,낱말,
뉘우쳐,낱말,
능력과,낱말,
능력도,낱말,
능력을,낱말,
능력이,낱말,
니느웨,낱말,
다니며,낱말,
다니사,낱말,
다니지,낱말,
다대오,낱말,
다섯은,낱말,
다윗은,낱말,
다윗의,낱말,
다윗이,낱말,
다하고,낱말,
다하여,낱말,
단으로,낱말,
달라는,낱말,
달란트,낱말,
달려서,낱말,
달아나,낱말,
당기어,낱말,
당신과,낱말,
당신께,낱말,
당신은,낱말,
당신의,낱말,
당신이,낱말,
당하고,낱말,
당하는,낱말,
당하되,낱말,
당하라,낱말,
대답도,낱말,
대답할,낱말,
대러라,낱말,
대시고,낱말,
대시며,낱말,
대접을,낱말,
대접의,낱말,
대하여,낱말,
더러는,낱말,
더러운,낱말,
더럽게,낱말,
더불어,낱말,
더위를,낱말,
더하게,낱말,
더하는,낱말,
던지는,낱말,
던지지,낱말,
던짐이,낱말,
덮으며,낱말,
덮이게,낱말,
데리고,낱말,
도끼가,낱말,
도둑이,낱말,
도리어,낱말,
도마와,낱말,
도무지,낱말,
도시와,낱말,
독사의,낱말,
돌들로,낱말,
돌리게,낱말,
돌밭에,낱말,
돌보지,낱말,
돌아올,낱말,
돌아와,낱말,
돌이켜,낱말,
동네가,낱말,
동네나,낱말,
동네로,낱말,
동네를,낱말,
동네에,낱말,
동록이,낱말,
동료가,낱말,
동료를,낱말,
동무를,낱말,
동생이,낱말,
동안에,낱말,
되거늘,낱말,
되고자,낱말,
되기를,낱말,
되려는,낱말,
되리니,낱말,
되리라,낱말,
되어야,낱말,
되었을,낱말,
된지라,낱말,
됨이라,낱말,
됨이요,낱말,
두나니,낱말,
두려워,낱말,
두로와,낱말,
두르고,낱말,
두리라,낱말,
두시고,낱말,
두어라,낱말,
둔하고,낱말,
둘째도,낱말,
둘째와,낱말,
뒤에서,낱말,
드리되,낱말,
드리라,낱말,
드림이,낱말,
듣고자,낱말,
듣기는,낱말,
듣기에,낱말,
듣느냐,낱말,
듣지도,낱말,
들거늘,낱말,
들기도,낱말,
들렸다,낱말,
들리고,낱말,
들리니,낱말,
들리면,낱말,
들보가,낱말,
들보는,낱말,
들보를,낱말,
들어가,낱말,
들어갈,낱말,
들어도,낱말,
들으나,낱말,
들으라,낱말,
들으며,낱말,
들으면,낱말,
들으실,낱말,
들이고,낱말,
들이요,낱말,
들풀도,낱말,
등불을,낱말,
등불이,낱말,
따라온,낱말,
따르는,낱말,
따르라,낱말,
따르지,낱말,
딱하게,낱말,
딸에게,낱말,
땅에서,낱말,
땅으로,낱말,
때까지,낱말,
때리고,낱말,
때리며,낱말,
때문에,낱말,
때부터,낱말,
때에는,낱말,
떠나가,낱말,
떠나고,낱말,
떠나매,낱말,
떠나사,낱말,
떠나서,낱말,
떠드는,낱말,
떨기에,낱말,
뚫지도,낱말,
뜨기를,낱말,
뜻대로,낱말,
뜻이라,낱말,
라가라,낱말,
라헬이,낱말,
랍비라,낱말,
랍비여,낱말,
마가단,낱말,
마귀가,낱말,
마귀는,낱말,
마귀와,낱말,
마귀요,낱말,
마당을,낱말,
마디도,낱말,
마땅히,낱말,
마리가,낱말,
마리를,낱말,
마리아,낱말,
마시게,낱말,
마시고,낱말,
마시는,낱말,
마시라,낱말,
마시매,낱말,
마시지,낱말,
마실까,낱말,
마을로,낱말,
마을에,낱말,
마음도,낱말,
마음에,낱말,
마음은,낱말,
마음을,낱말,
마음의,낱말,
마음이,낱말,
마치신,낱말,
마태라,낱말,
마태의,낱말,
막달라,낱말,
막았고,낱말,
만국과,낱말,
만나는,낱말,
만나니,낱말,
만나매,낱말,
만들고,낱말,
만들어,낱말,
만져도,낱말,
만지니,낱말,
만큼만,낱말,
맏이가,낱말,
말랐고,낱말,
말마다,낱말,
말씀도,낱말,
말씀에,낱말,
말씀을,낱말,
말씀이,낱말,
말아야,낱말,
말지니,낱말,
말하고,낱말,
말하는,낱말,
말하니,낱말,
말하던,낱말,
말하되,낱말,
말하라,낱말,
말하며,낱말,
말하여,낱말,
말할까,낱말,
맛단은,낱말,
맛단을,낱말,
망대를,낱말,
맞으러,낱말,
맞은편,낱말,
맞추니,낱말,
맡김과,낱말,
매겨진,낱말,
맷돌이,낱말,
맹세로,낱말,
맹세를,낱말,
맹세한,낱말,
맹인과,낱말,
맹인을,낱말,
맹인이,낱말,
맺나니,낱말,
머리를,낱말,
머리에,낱말,
머물라,낱말,
머물러,낱말,
먹기를,낱말,
먹으니,낱말,
먹으라,낱말,
먹을까,낱말,
먹이고,낱말,
먹이는,낱말,
먹지도,낱말,
먼지를,낱말,
멀도다,낱말,
멀리서,낱말,
멀찍이,낱말,
멍에는,낱말,
멍에를,낱말,
멸망의,낱말,
명이나,낱말,
명절이,낱말,
명하고,낱말,
명하사,낱말,
명하신,낱말,
명하여,낱말,
모독은,낱말,
모르게,낱말,
모르고,낱말,
모세가,낱말,
모세는,낱말,
모세를,낱말,
모세와,낱말,
모세의,낱말,
모였을,낱말,
모으고,낱말,
모으는,낱말,
모으려,낱말,
모으지,낱말,
목마른,낱말,
목마를,낱말,
목매어,낱말,
목수의,낱말,
목숨과,낱말,
목숨을,낱말,
목숨이,낱말,
목자가,낱말,
목자를,낱말,
몰약을,낱말,
몸이니,낱말,
못박게,낱말,
못하게,낱말,
못하고,낱말,
못하는,낱말,
못하니,낱말,
못하며,낱말,
못하면,낱말,
몽치를,낱말,
묘지를,낱말,
무거운,낱말,
무너져,낱말,
무덤에,낱말,
무덤을,낱말,
무릎을,낱말,
무리가,낱말,
무리는,낱말,
무리를,낱말,
무리와,낱말,
무리의,낱말,
무서워,낱말,
무섭다,낱말,
무엇을,낱말,
무엇이,낱말,
무익한,낱말,
무죄한,낱말,
문으로,낱말,
묻느냐,낱말,
물건을,낱말,
물결로,낱말,
물결이,낱말,
물고기,낱말,
물에도,낱말,
물에서,낱말,
물으니,낱말,
미련한,낱말,
미움을,낱말,
미치지,낱말,
미혹을,낱말,
민란이,낱말,
민족을,낱말,
민족이,낱말,
믿느냐,낱말,
믿음은,낱말,
믿음을,낱말,
믿음이,낱말,
바꾸는,낱말,
바다도,낱말,
바다를,낱말,
바다에,낱말,
바다와,낱말,
바라고,낱말,
바람과,낱말,
바람에,낱말,
바람을,낱말,
바람이,낱말,
바르고,낱말,
바요나,낱말,
바위가,낱말,
바치는,낱말,
바치라,낱말,
박하와,낱말,
박해가,낱말,
박혀야,낱말,
박히게,낱말,
박히기,낱말,
박히니,낱말,
박히신,낱말,
밖에는,낱말,
밖으로,낱말,
반드시,낱말,
받거늘,낱말,
받겠다,낱말,
받고자,낱말,
받기를,낱말,
받느냐,낱말,
받더니,낱말,
받들어,낱말,
받아서,낱말,
받아야,낱말,
받았던,낱말,
받으라,낱말,
받으러,낱말,
받으려,낱말,
받으며,낱말,
받을까,낱말,
발견한,낱말,
밤중에,낱말,
방주에,낱말,
밭으로,낱말,
배부를,낱말,
배불리,낱말,
배에서,낱말,
배우라,낱말,
백성을,낱말,
백성의,낱말,
백성이,낱말,
뱀들아,낱말,
뱃속에,낱말,
뱉으며,낱말,
버려져,낱말,
버려진,낱말,
버리게,낱말,
버리고,낱말,
버리는,낱말,
버리라,낱말,
버리면,낱말,
버리지,낱말,
버림을,낱말,
번개가,낱말,
번까지,낱말,
번이나,낱말,
범하면,낱말,
벗기고,낱말,
베다니,낱말,
베옷을,낱말,
베푸는,낱말,
베푸신,낱말,
베푸실,낱말,
베풀고,낱말,
별들이,낱말,
병드신,낱말,
병자를,낱말,
보거든,낱말,
보고도,낱말,
보고자,낱말,
보기는,낱말,
보내는,낱말,
보내니,낱말,
보내매,낱말,
보내며,낱말,
보내신,낱말,
보내어,낱말,
보내지,낱말,
보냄과,낱말,
보냄이,낱말,
보느냐,낱말,
보려고,낱말,
보리니,낱말,
보리라,낱말,
보물을,낱말,
보소서,낱말,
보시고,낱말,
보시는,낱말,
보시니,낱말,
보시며,낱말,
보시오,낱말,
보신즉,낱말,
보아도,낱말,
보았고,낱말,
보이게,낱말,
보이고,낱말,
보이나,낱말,
보이되,낱말,
보이라,낱말,
보이지,낱말,
보좌에,낱말,
보좌와,낱말,
보지도,낱말,
보화가,낱말,
보화와,낱말,
복음을,낱말,
복음이,낱말,
본래는,낱말,
본받지,낱말,
봄으로,낱말,
뵈옵고,낱말,
부대가,낱말,
부대도,낱말,
부대에,낱말,
부르러,낱말,
부르사,낱말,
부른다,낱말,
부리는,낱말,
부모나,낱말,
부모를,낱말,
부으니,낱말,
부자가,낱말,
부자는,낱말,
부풀게,낱말,
부활을,낱말,
부활이,낱말,
분량을,낱말,
분별할,낱말,
분부한,낱말,
불렀다,낱말,
불법을,낱말,
불법이,낱말,
불쌍히,낱말,
불어도,낱말,
불에도,낱말,
불의한,낱말,
붉으면,낱말,
붙들고,낱말,
붙들어,낱말,
붙이는,낱말,
붙잡고,낱말,
비둘기,낱말,
비로소,낱말,
비밀을,낱말,
비석을,낱말,
비유가,낱말,
비유로,낱말,
비유를,낱말,
비치게,낱말,
비탈로,낱말,
비판을,낱말,
빌기에,낱말,
빌립과,낱말,
빌립보,낱말,
빌립의,낱말,
빛나며,낱말,
빛이라,낱말,
빼리라,낱말,
빼앗길,낱말,
빼앗아,낱말,
빼어라,낱말,
뽑기를,낱말,
뽑다가,낱말,
뽑을까,낱말,
뿌려진,낱말,
뿌리가,낱말,
뿌리는,낱말,
뿌리러,낱말,
뿌리에,낱말,
뿌리지,낱말,
뿌릴새,낱말,
사경에,낱말,
사나워,낱말,
사도의,낱말,
사독은,낱말,
사독을,낱말,
사람과,낱말,
사람들,낱말,
사람에,낱말,
사람은,낱말,
사람을,낱말,
사람의,낱말,
사람이,낱말,
사랑이,낱말,
사르는,낱말,
사망의,낱말,
사시니,낱말,
사이로,낱말,
사이에,낱말,
사자가,낱말,
사자를,낱말,
사자의,낱말,
사탄아,낱말,
사탄을,낱말,
사탄이,낱말,
사하는,낱말,
사하여,낱말,
사함을,낱말,
사형에,낱말,
사흘에,낱말,
산더러,낱말,
산에서,낱말,
산으로,낱말,
살리며,낱말,
살몬은,낱말,
살몬을,낱말,
살부터,낱말,
살아난,낱말,
살인과,낱말,
살인치,낱말,
살인한,낱말,
삼가라,낱말,
삼십을,낱말,
상관도,낱말,
상관이,낱말,
상에서,낱말,
상하게,낱말,
새것과,낱말,
새끼가,낱말,
새끼를,낱말,
새들이,낱말,
새롭게,낱말,
새벽에,낱말,
생각과,낱말,
생각은,낱말,
생각을,낱말,
생각할,낱말,
생기면,낱말,
생명에,낱말,
생선을,낱말,
생일이,낱말,
선생님,낱말,
선생은,낱말,
선에서,낱말,
선지자,낱말,
섬기는,낱말,
섬기라,낱말,
섬기려,낱말,
섬기며,낱말,
섬기지,낱말,
섬김을,낱말,
섰더니,낱말,
섰으매,낱말,
성경도,낱말,
성경에,낱말,
성경이,낱말,
성과도,낱말,
성도의,낱말,
성령과,낱말,
성령에,낱말,
성령을,낱말,
성령의,낱말,
성령이,낱말,
성보다,낱말,
성소에,낱말,
성에서,낱말,
성으로,낱말,
성이나,낱말,
성전과,낱말,
성전에,낱말,
성전을,낱말,
성전의,낱말,
성하면,낱말,
세간을,낱말,
세겔을,낱말,
세관에,낱말,
세금을,낱말,
세대가,낱말,
세대를,낱말,
세대여,낱말,
세라를,낱말,
세레를,낱말,
세례가,낱말,
세례를,낱말,
세리도,낱말,
세리와,낱말,
세상과,낱말,
세상에,낱말,
세상의,낱말,
세상이,낱말,
세우고,낱말,
셋째로,낱말,
소굴을,낱말,
소금이,낱말,
소녀가,낱말,
소녀의,낱말,
소돔과,낱말,
소리가,낱말,
소리를,낱말,
소리와,낱말,
소문을,낱말,
소문이,낱말,
소반에,낱말,
소유를,낱말,
속에는,낱말,
속에서,낱말,
속옷을,낱말,
속으로,낱말,
속이던,낱말,
속임이,낱말,
손발을,낱말,
손으로,낱말,
손이나,낱말,
수고도,낱말,
수많은,낱말,
수하에,낱말,
쉬기를,낱말,
스불론,낱말,
스스로,낱말,
슬퍼할,낱말,
시각에,낱말,
시간도,낱말,
시간에,낱말,
시기로,낱말,
시내가,낱말,
시내에,낱말,
시대의,낱말,
시돈이,낱말,
시몬과,낱말,
시몬아,낱말,
시몬을,낱말,
시몬의,낱말,
시인할,낱말,
시장할,낱말,
시집도,낱말,
시체를,낱말,
시키신,낱말,
시킴을,낱말,
시험에,낱말,
시험을,낱말,
신랑과,낱말,
신랑을,낱말,
신랑이,낱말,
신성을,낱말,
신이나,낱말,
심령이,낱말,
심문을,낱말,
심지도,낱말,
심지를,낱말,
심판을,낱말,
심하게,낱말,
쓰기에,낱말,
씌우고,낱말,
씨보다,낱말,
씻으라,낱말,
씻으며,낱말,
아기께,낱말,
아기를,낱말,
아기에,낱말,
아기와,낱말,
아기의,낱말,
아나니,낱말,
아내가,낱말,
아내를,낱말,
아내와,낱말,
아노니,낱말,
아노라,낱말,
아느냐,낱말,
아니냐,낱말,
아니라,낱말,
아니면,낱말,
아니요,낱말,
아니한,낱말,
아들과,낱말,
아들도,낱말,
아들은,낱말,
아들을,낱말,
아들의,낱말,
아들이,낱말,
아래로,낱말,
아래에,낱말,
아몬은,낱말,
아몬을,낱말,
아무나,낱말,
아무도,낱말,
아버지,낱말,
아벨의,낱말,
아비가,낱말,
아사는,낱말,
아사를,낱말,
아시고,낱말,
아이가,낱말,
아이를,낱말,
아이와,낱말,
아직도,낱말,
아침에,낱말,
아킴를,낱말,
아킴은,낱말,
악에서,낱말,
악인과,낱말,
악인을,낱말,
악하게,낱말,
악하고,낱말,
악하니,낱말,
악함을,낱말,
안식을,낱말,
안에는,낱말,
안에서,낱말,
안으로,낱말,
앉아서,낱말,
앉았을,낱말,
앉으신,낱말,
앉히매,낱말,
않거든,낱말,
않고는,낱말,
않느냐,낱말,
않도록,낱말,
않아야,낱말,
않음이,낱말,
알거든,낱말,
알곡은,낱말,
알리니,낱말,
알리되,낱말,
알리라,낱말,
알리지,낱말,
알면서,낱말,
알아본,낱말,
알찌니,낱말,
암탉이,낱말,
앞에서,낱말,
야고보,낱말,
야곱과,낱말,
야곱은,낱말,
야곱을,낱말,
야곱의,낱말,
약속을,낱말,
양보다,낱말,
양식을,낱말,
어귀에,낱말,
어깨에,낱말,
어두운,낱말,
어두울,낱말,
어둠이,낱말,
어디로,낱말,
어디서,낱말,
어떠한,낱말,
어떻게,낱말,
어린이,낱말,
어머니,낱말,
어부가,낱말,
어부라,낱말,
억지로,낱말,
언약의,낱말,
얹어서,낱말,
얹으매,낱말,
얻고도,낱말,
얼굴에,낱말,
얼굴을,낱말,
얼굴이,낱말,
얼마나,낱말,
없거든,낱말,
없나니,낱말,
없노라,낱말,
없느냐,낱말,
없더냐,낱말,
없더라,낱말,
없도다,낱말,
없었고,낱말,
없으나,낱말,
없음을,낱말,
엎드려,낱말,
엘리야,낱말,
여기고,낱말,
여기는,낱말,
여기니,낱말,
여기라,낱말,
여기사,낱말,
여기서,낱말,
여기지,낱말,
여김과,낱말,
여김을,낱말,
여김이,낱말,
여럿을,낱말,
여름이,낱말,
여왕이,낱말,
여우도,낱말,
여인이,낱말,
여자가,낱말,
여자도,낱말,
여자로,낱말,
여자를,낱말,
여자여,낱말,
여자와,낱말,
여종이,낱말,
여쭈어,낱말,
여행을,낱말,
연약한,낱말,
열리고,낱말,
열리며,낱말,
열매도,낱말,
열매로,낱말,
열매를,낱말,
열병이,낱말,
열쇠를,낱말,
염려와,낱말,
염려할,낱말,
염소는,낱말,
염소를,낱말,
영광을,낱말,
영광의,낱말,
영광이,낱말,
영벌에,낱말,
영생에,낱말,
영생을,낱말,
영영한,낱말,
영원한,낱말,
영원히,낱말,
영혼은,낱말,
영혼을,낱말,
영혼이,낱말,
예물로,낱말,
예물을,낱말,
예복을,낱말,
예비된,낱말,
예수가,낱말,
예수께,낱말,
예수냐,낱말,
예수는,낱말,
예수라,낱말,
예수를,낱말,
예수와,낱말,
예수의,낱말,
예언이,낱말,
예언한,낱말,
옛것을,낱말,
오거늘,낱말,
오기를,낱말,
오늘은,낱말,
오르는,낱말,
오르매,낱말,
오르사,낱말,
오른편,낱말,
오리니,낱말,
오리라,낱말,
오므로,낱말,
오벳은,낱말,
오벳을,낱말,
오셔서,낱말,
오소서,낱말,
오시는,낱말,
오시니,낱말,
오찬을,낱말,
오히려,낱말,
옥에서,낱말,
옥합을,낱말,
온유한,낱말,
올라가,낱말,
올무에,낱말,
옳도다,낱말,
옷술을,낱말,
옷이나,낱말,
완악함,낱말,
왔거늘,낱말,
왔노라,낱말,
왔느냐,낱말,
왔는데,낱말,
왔는지,낱말,
왔으나,낱말,
왔으니,낱말,
왔으되,낱말,
왕궁에,낱말,
왕권을,낱말,
왕으로,낱말,
왕이냐,낱말,
왕이여,낱말,
외모로,낱말,
외식과,낱말,
외에는,낱말,
외치는,낱말,
왼손이,낱말,
왼편도,낱말,
왼편에,낱말,
요나가,낱말,
요나의,낱말,
요담은,낱말,
요담을,낱말,
요람은,낱말,
요람을,낱말,
요셉과,낱말,
요셉아,낱말,
요셉은,낱말,
요셉을,낱말,
요셉의,낱말,
요셉이,낱말,
요한에,낱말,
요한은,낱말,
요한을,낱말,
요한의,낱말,
요한이,낱말,
요한인,낱말,
욕하고,낱말,
우러러,낱말,
우리가,낱말,
우리는,낱말,
우리를,낱말,
우리와,낱말,
우리의,낱말,
우편에,낱말,
울더라,낱말,
울어도,낱말,
원금과,낱말,
원대로,낱말,
원수가,낱말,
원수는,낱말,
원수를,낱말,
원하고,낱말,
원하지,낱말,
위로를,낱말,
위에서,낱말,
위하여,낱말,
유다가,낱말,
유다는,낱말,
유다라,낱말,
유다와,낱말,
유대에,낱말,
유대와,낱말,
유대의,낱말,
유대인,낱말,
유명한,낱말,
유산을,낱말,
유월절,낱말,
유향과,낱말,
유혹에,낱말,
육신이,낱말,
육지를,낱말,
육체가,낱말,
율법과,낱말,
율법의,낱말,
율법이,낱말,
으뜸이,낱말,
은밀한,낱말,
은이나,낱말,
음란과,낱말,
음란한,낱말,
음부의,낱말,
음식은,낱말,
음식을,낱말,
음욕을,낱말,
음행한,낱말,
의논한,낱말,
의도로,낱말,
의로운,낱말,
의롭다,낱말,
의복을,낱말,
의사가,낱말,
의인을,낱말,
의인의,낱말,
의인이,낱말,
의자를,낱말,
이같이,낱말,
이것도,낱말,
이것은,낱말,
이것을,낱말,
이것이,낱말,
이기지,낱말,
이더러,낱말,
이들은,낱말,
이들이,낱말,
이렇게,낱말,
이루게,낱말,
이루는,낱말,
이루려,낱말,
이르기,낱말,
이르는,낱말,
이르니,낱말,
이르되,낱말,
이르러,낱말,
이르매,낱말,
이르지,낱말,
이름은,낱말,
이름을,낱말,
이름이,낱말,
이리라,낱말,
이리로,낱말,
이마다,낱말,
이만한,낱말,
이방에,낱말,
이방의,낱말,
이삭과,낱말,
이삭은,낱말,
이삭을,낱말,
이삭의,낱말,
이상한,낱말,
이상히,낱말,
이새는,낱말,
이새를,낱말,
이에서,낱말,
이웃을,낱말,
이유가,낱말,
이이가,낱말,
이자를,낱말,
이제는,낱말,
이틀이,낱말,
이후에,낱말,
인자가,낱말,
인자는,낱말,
인자도,낱말,
인자를,낱말,
인자요,낱말,
인자의,낱말,
인하여,낱말,
일곱을,낱말,
일꾼이,낱말,
일들을,낱말,
일들이,낱말,
일어나,낱말,
일어난,낱말,
일어날,낱말,
일용할,낱말,
일하라,낱말,
일하지,낱말,
일획도,낱말,
잃으면,낱말,
임금과,낱말,
임금들,낱말,
임금의,낱말,
임금이,낱말,
임박한,낱말,
임의로,낱말,
임하여,낱말,
임함도,낱말,
입에서,낱말,
입으로,낱말,
입을까,낱말,
입혔고,낱말,
입히며,낱말,
입히지,낱말,
있나니,낱말,
있느냐,낱말,
있는데,낱말,
있다가,낱말,
있더니,낱말,
있더라,낱말,
있도다,낱말,
있어도,낱말,
있어야,낱말,
있었던,낱말,
있으니,낱말,
있으되,낱말,
있으라,낱말,
있으매,낱말,
있으며,낱말,
있으면,낱말,
잉태된,낱말,
잎사귀,낱말,
자기가,낱말,
자기나,낱말,
자기는,낱말,
자기를,낱말,
자기와,낱말,
자기의,낱말,
자까지,낱말,
자녀를,낱말,
자녀의,낱말,
자니라,낱말,
자들과,낱말,
자들도,낱말,
자들아,낱말,
자들은,낱말,
자들을,낱말,
자들이,낱말,
자라게,낱말,
자라도,낱말,
자라서,낱말,
자라야,낱말,
자로다,낱말,
자로서,낱말,
자리에,낱말,
자리와,낱말,
자마다,낱말,
자매나,낱말,
자매요,낱말,
자비를,낱말,
자세히,낱말,
자손이,낱말,
자식을,낱말,
자식이,낱말,
자신과,낱말,
자에게,낱말,
잔치는,낱말,
잔치를,낱말,
잔치에,낱말,
잔치의,낱말,
잘못을,낱말,
잘못한,낱말,
잠에서,낱말,
잡고자,낱말,
잡수실,낱말,
잡으라,낱말,
잡으러,낱말,
장가도,낱말,
장례를,낱말,
장모가,낱말,
장사와,낱말,
장터에,낱말,
재난의,낱말,
재물을,낱말,
재물의,낱말,
재물이,낱말,
저것도,낱말,
저기는,낱말,
저기로,낱말,
저녁에,낱말,
저녁이,낱말,
저더러,낱말,
저물매,낱말,
저보다,낱말,
저주를,낱말,
저희가,낱말,
저희도,낱말,
적시어,낱말,
적으니,낱말,
전대에,낱말,
전도를,낱말,
전례가,낱말,
전보다,낱말,
전에는,낱말,
전총을,낱말,
전토를,낱말,
절하며,낱말,
정의와,낱말,
정하게,낱말,
제단과,낱말,
제단에,낱말,
제사를,낱말,
제사장,낱말,
제자가,낱말,
제자도,낱말,
제자된,낱말,
제자라,낱말,
제자로,낱말,
제자를,낱말,
제자와,낱말,
제자의,낱말,
조각을,낱말,
조상의,낱말,
조용히,낱말,
존경을,낱말,
좀이나,낱말,
종더러,낱말,
종들과,낱말,
종들을,낱말,
종들의,낱말,
종들이,낱말,
좋겠다,낱말,
좌편에,낱말,
죄수가,낱말,
죄에서,낱말,
죄인을,낱말,
죄인의,낱말,
죄패를,낱말,
주거늘,낱말,
주검이,낱말,
주겠고,낱말,
주기를,낱말,
주께서,낱말,
주니라,낱말,
주님을,낱말,
주리고,낱말,
주리니,낱말,
주리라,낱말,
주리신,낱말,
주소서,낱말,
주시니,낱말,
주시매,낱말,
주시며,낱말,
주시지,낱말,
주심을,낱말,
주어라,낱말,
주어서,낱말,
주었고,낱말,
주에게,낱말,
주인과,낱말,
주인을,낱말,
주인의,낱말,
주인이,낱말,
주추를,낱말,
죽여도,낱말,
죽으면,낱말,
죽이고,낱말,
죽이니,낱말,
죽이려,낱말,
죽이자,낱말,
죽이지,낱말,
죽일까,낱말,
죽임을,낱말,
준비일,낱말,
준비할,낱말,
중에는,낱말,
중에서,낱말,
중하지,낱말,
즐기는,낱말,
증거가,낱말,
증거를,낱말,
증서를,낱말,
증언과,낱말,
증인을,낱말,
증인의,낱말,
증인이,낱말,
지경에,낱말,
지극히,낱말,
지나갈,낱말,
지나고,낱말,
지나는,낱말,
지나면,낱말,
지방에,낱말,
지옥에,낱말,
지옥의,낱말,
지우되,낱말,
지으신,낱말,
지진과,낱말,
지진이,낱말,
지키게,낱말,
지키던,낱말,
지키되,낱말,
지키라,낱말,
지파를,낱말,
지혜는,낱말,
지혜와,낱말,
진노를,낱말,
진리로,낱말,
진실로,낱말,
진주를,낱말,
짐승을,낱말,
짐승의,낱말,
집마다,낱말,
집에서,낱말,
집으로,낱말,
집이나,낱말,
집이라,낱말,
징조가,낱말,
짝지어,낱말,
쫓겨나,낱말,
찢어져,낱말,
찢으며,낱말,
차라리,낱말,
차지한,낱말,
착하고,낱말,
찬미를,낱말,
창고에,낱말,
창녀는,낱말,
창수가,낱말,
찾거든,낱말,
찾더라,낱말,
찾아낼,낱말,
찾으라,낱말,
찾으매,낱말,
찾으면,낱말,
채우라,낱말,
처녀가,낱말,
처녀와,낱말,
천국에,낱말,
천국은,낱말,
천국을,낱말,
천국의,낱말,
천국이,낱말,
천사가,낱말,
천사를,낱말,
천사와,낱말,
천지가,낱말,
천지는,낱말,
천지의,낱말,
천하를,낱말,
천하에,낱말,
첫날에,낱말,
청결한,낱말,
청년이,낱말,
청하니,낱말,
청하여,낱말,
청함을,낱말,
쳤거늘,낱말,
총독의,낱말,
총독이,낱말,
최후에,낱말,
추수할,낱말,
춤추지,낱말,
충성된,낱말,
취하여,낱말,
치거든,낱말,
치더라,낱말,
치리니,낱말,
친구여,낱말,
침노를,낱말,
침상에,낱말,
침상을,낱말,
칭하는,낱말,
칭하여,낱말,
칭함을,낱말,
칼집에,낱말,
크고자,낱말,
크니라,낱말,
크도다,낱말,
큼이라,낱말,
타고난,낱말,
타국에,낱말,
타시니,낱말,
탐욕과,낱말,
탐하고,낱말,
탔도다,낱말,
택하신,낱말,
택함을,낱말,
터럭도,낱말,
터이니,낱말,
터인데,낱말,
터지고,낱말,
통하여,낱말,
파송된,낱말,
판결을,낱말,
팔리라,낱말,
팔리지,낱말,
패역한,낱말,
평안이,낱말,
폐하러,낱말,
포도를,낱말,
포도원,낱말,
표적과,낱말,
표적은,낱말,
표적을,낱말,
표적이,낱말,
풀보다,낱말,
품꾼을,낱말,
피까지,낱말,
피니라,낱말,
피리를,낱말,
피하라,낱말,
피하여,낱말,
핍박을,낱말,
하거늘,낱말,
하거든,낱말,
하기만,낱말,
하나가,낱말,
하나는,낱말,
하나니,낱말,
하나님,낱말,
하나도,낱말,
하나라,낱말,
하나를,낱말,
하나만,낱말,
하나인,낱말,
하노니,낱말,
하노라,낱말,
하느냐,낱말,
하는데,낱말,
하는지,낱말,
하늘과,낱말,
하늘로,낱말,
하늘에,낱말,
하늘을,낱말,
하늘의,낱말,
하늘이,낱말,
하니라,낱말,
하다가,낱말,
하더냐,낱말,
하더니,낱말,
하더라,낱말,
하든지,낱말,
하려고,낱말,
하리니,낱말,
하리라,낱말,
하리요,낱말,
하물며,낱말,
하셨다,낱말,
하소서,낱말,
하시고,낱말,
하시는,낱말,
하시니,낱말,
하신대,낱말,
하심을,낱말,
하심이,낱말,
하여도,낱말,
하여야,낱말,
하였고,낱말,
하였을,낱말,
하인이,낱말,
한지라,낱말,
할진대,낱말,
함이니,낱말,
함이라,낱말,
함이요,낱말,
합당치,낱말,
합당한,낱말,
합하여,낱말,
해골의,낱말,
해면을,낱말,
해변에,낱말,
해하며,낱말,
해하지,낱말,
행실을,낱말,
행위는,낱말,
행위를,낱말,
행하고,낱말,
행하는,낱말,
행하라,낱말,
행하며,낱말,
행하여,낱말,
행하지,낱말,
향유를,낱말,
향하여,낱말,
허리에,낱말,
헛되이,낱말,
헤롯을,낱말,
헤롯의,낱말,
헤롯이,낱말,
헤치는,낱말,
헤치지,낱말,
혈육이,낱말,
형상과,낱말,
형상이,낱말,
형제가,낱말,
형제나,낱말,
형제를,낱말,
형제에,낱말,
형제와,낱말,
형제요,낱말,
형제의,낱말,
형편이,낱말,
호산나,낱말,
혼인집,낱말,
홀연히,낱말,
홍수가,낱말,
홍포를,낱말,
화평을,낱말,
화평이,낱말,
화평케,낱말,
환난에,낱말,
환난이,낱말,
황금과,낱말,
회개에,낱말,
회당과,낱말,
회당에,낱말,
회당의,낱말,
회칠한,낱말,
회향과,낱말,
후부터,낱말,
후에는,낱말,
후에도,낱말,
후에야,낱말,
휘장이,낱말,
흉계로,낱말,
흉하게,낱말,
흐리면,낱말,
흑암에,낱말,
흔들며,낱말,
흘리는,낱말,
희거늘,낱말,
희롱을,낱말,
힘대로,낱말,
힘입어,낱말,
힘입지,낱말,
가거니와,낱말,
가까우매,낱말,
가나안인,낱말,
가는지라,낱말,
가두거늘,낱말,
가득하게,낱말,
가득하매,낱말,
가라지가,낱말,
가라지는,낱말,
가라지도,낱말,
가라지를,낱말,
가라지의,낱말,
가르치는,낱말,
가르치니,낱말,
가셨더니,낱말,
가시관을,낱말,
가시나니,낱말,
가시니라,낱말,
가시다가,낱말,
가시든지,낱말,
가시떨기,낱말,
가야바라,낱말,
가운데로,낱말,
가운데서,낱말,
가이사랴,낱말,
가이사의,낱말,
가져다가,낱말,
가져오라,낱말,
가져오지,낱말,
가지고자,낱말,
간구하니,낱말,
간구하여,낱말,
간음하게,낱말,
간음하지,낱말,
간질하는,낱말,
갈릴리로,낱말,
갈릴리를,낱말,
갈릴리에,낱말,
갈릴리여,낱말,
갈릴리와,낱말,
감당하지,낱말,
감동하여,낱말,
감았으니,낱말,
강도들도,낱말,
같으니라,낱말,
같으리니,낱말,
같으리라,낱말,
갚으리라,낱말,
개들에게,낱말,
거기에서,낱말,
거두지도,낱말,
거룩하게,낱말,
거리에서,낱말,
거역하면,낱말,
거절하지,낱말,
거짓으로,낱말,
건물들을,낱말,
걸어가라,낱말,
것이니라,낱말,
것이로되,낱말,
것임이라,낱말,
것임이요,낱말,
겉으로는,낱말,
게네사렛,낱말,
겨울에나,낱말,
견디다가,낱말,
결박하여,낱말,
결박하지,낱말,
결산하려,낱말,
결산할새,낱말,
결실하여,낱말,
결실하지,낱말,
결의하고,낱말,
겸손하니,낱말,
겸손하여,낱말,
경고하사,낱말,
경배하게,낱말,
경배하고,낱말,
경배하나,낱말,
경배하니,낱말,
경배하러,낱말,
경배하면,낱말,
경비병과,낱말,
경비병이,낱말,
계명들을,낱말,
계명으로,낱말,
계명이요,낱말,
계시더니,낱말,
고관들이,낱말,
고라신아,낱말,
고민하고,낱말,
고민하여,낱말,
고발하는,낱말,
고발하려,낱말,
고발하여,낱말,
고생하며,낱말,
고생하여,낱말,
고을들이,낱말,
고을에도,낱말,
고치시고,낱말,
고치시니,낱말,
고향으로,낱말,
곡식까지,낱말,
곳간에서,낱말,
곳에서는,낱말,
곳이라는,낱말,
공경하되,낱말,
공경하라,낱말,
공양하지,낱말,
광야에서,낱말,
광주리에,낱말,
괴로움은,낱말,
구덩이에,낱말,
구분하는,낱말,
구원하고,낱말,
구원하나,낱말,
구제함을,낱말,
군병들이,낱말,
군인들이,낱말,
권고하라,낱말,
권능들이,낱말,
귀신들을,낱말,
귀신들이,낱말,
귀하니라,낱말,
귓속말로,낱말,
그것으로,낱말,
그들에게,낱말,
그러므로,낱말,
그렇다면,낱말,
그리하면,낱말,
그리하지,낱말,
그에게로,낱말,
그에게서,낱말,
그제서야,낱말,
근심하나,낱말,
근심하며,낱말,
근심하여,낱말,
근심하지,낱말,
금식하는,낱말,
금식하신,낱말,
금식하지,낱말,
기도하는,낱말,
기도하라,낱말,
기도하러,낱말,
기도하신,낱말,
기도하여,낱말,
기뻐하고,낱말,
기뻐하는,낱말,
기뻐하며,낱말,
기쁨으로,낱말,
기억하지,낱말,
기업으로,낱말,
기준하여,낱말,
기진할까,낱말,
깨끗하게,낱말,
깨끗함을,낱말,
깨달으라,낱말,
깨달음이,낱말,
깨지겠고,낱말,
꺼져가는,낱말,
꺼져가니,낱말,
꼭대기에,낱말,
꾸짖거늘,낱말,
끌어내지,낱말,
끝날까지,낱말,
나가니라,낱말,
나가다가,낱말,
나갔더냐,낱말,
나겠느냐,낱말,
나그네의,낱말,
나느니라,낱말,
나라마다,낱말,
나라에서,낱말,
나무마다,낱말,
나무에게,낱말,
나병환자,낱말,
나사렛을,낱말,
나시니라,낱말,
나아가니,낱말,
나아가사,낱말,
나아오나,낱말,
나아오니,낱말,
나아오매,낱말,
나아와서,낱말,
나오나니,낱말,
나왔느냐,낱말,
나으니라,낱말,
나으리라,낱말,
나중까지,낱말,
나타내지,낱말,
남겼으되,낱말,
낮아지고,낱말,
낳기까지,낱말,
낳았으니,낱말,
낳으니라,낱말,
낳으리니,낱말,
내느니라,낱말,
내던지라,낱말,
내려오라,낱말,
내리달아,낱말,
내버리라,낱말,
내시려면,낱말,
내어주고,낱말,
내어주어,낱말,
내쫓으라,낱말,
너희보다,낱말,
너희에게,낱말,
넉넉하게,낱말,
넘겨지매,낱말,
넘기니라,낱말,
넘어지게,낱말,
넘어지는,낱말,
넘어지며,낱말,
넣으리니,낱말,
노릇하며,낱말,
논할진대,낱말,
놀라더라,낱말,
농부들을,낱말,
농부들이,낱말,
놓였으니,낱말,
누구든지,낱말,
누구에게,낱말,
누우셨던,낱말,
누이들은,낱말,
뉘우치고,낱말,
다니다가,낱말,
다니엘이,낱말,
다스리는,낱말,
다윗까지,낱말,
다윗부터,낱말,
다투지도,낱말,
닫힌지라,낱말,
달란트를,낱말,
달려가서,낱말,
당원들과,낱말,
당하나니,낱말,
당하더라,낱말,
당하리라,낱말,
대다수는,낱말,
대답하는,낱말,
대답하되,낱말,
대답하면,낱말,
대답하여,낱말,
대답하지,낱말,
대속물로,낱말,
대적하여,낱말,
대적하지,낱말,
대접하라,낱말,
대제사장,낱말,
던져지는,낱말,
던져지라,낱말,
던져지지,낱말,
덧뿌리고,낱말,
데나리온,낱말,
데려감을,낱말,
데려다가,낱말,
데려오니,낱말,
데려오라,낱말,
데려오매,낱말,
데리시고,낱말,
도당이라,낱말,
도둑질과,낱말,
도둑질도,낱말,
도망하는,낱말,
도우소서,낱말,
돌들로도,낱말,
돌리니라,낱말,
돌보았고,낱말,
돌아가사,낱말,
돌아가서,낱말,
돌아가지,낱말,
돌아와서,낱말,
돌이키지,낱말,
동거하기,낱말,
동네에서,낱말,
동료들이,낱말,
동무들을,낱말,
동방에서,낱말,
동생들을,낱말,
동생들이,낱말,
동생에게,낱말,
동안이나,낱말,
동침하지,낱말,
동편에서,낱말,
동행하고,낱말,
되겠느냐,낱말,
되느니라,낱말,
되리이까,낱말,
되었나니,낱말,
되었다고,낱말,
되었더라,낱말,
되었으니,낱말,
되었으되,낱말,
될지니라,낱말,
될지어다,낱말,
두드리는,낱말,
두드리라,낱말,
두었더니,낱말,
드러나지,낱말,
드러내지,낱말,
드리니라,낱말,
듣겠으나,낱말,
들레지도,낱말,
들어가게,낱말,
들어가고,낱말,
들어가는,낱말,
들어가니,낱말,
들어가던,낱말,
들어가라,낱말,
들어가려,낱말,
들어가사,낱말,
들어가서,낱말,
들어가지,낱말,
들어오실,낱말,
들어올새,낱말,
들었도다,낱말,
들었으나,낱말,
들으려고,낱말,
들으시고,낱말,
들음으로,낱말,
들이지도,낱말,
등불이니,낱말,
따겠느냐,낱말,
따라오라,낱말,
따라오며,낱말,
따랐더니,낱말,
따르거늘,낱말,
따르니라,낱말,
따르더라,낱말,
땅에서도,낱말,
땅으로도,낱말,
때로부터,낱말,
떠나가고,낱말,
떠나가라,낱말,
떠났더니,낱말,
떡덩이가,낱말,
떡으로만,낱말,
떨어지는,낱말,
떨어지매,낱말,
떨어지며,낱말,
떨어지면,낱말,
떨어지지,낱말,
뜰에까지,낱말,
뜻이니라,낱말,
라마에서,낱말,
룻에게서,낱말,
마귀에게,낱말,
마땅하지,낱말,
마른지라,낱말,
마리보다,낱말,
마리아가,낱말,
마리아와,낱말,
마리아의,낱말,
마시고자,낱말,
마시려는,낱말,
마시옵고,낱말,
마시지도,낱말,
마옵소서,낱말,
마음에는,낱말,
마음에서,낱말,
마음으로,낱말,
마치시고,낱말,
마치시매,낱말,
만나려고,낱말,
만지시니,낱말,
만지시며,낱말,
많으니라,낱말,
많으므로,낱말,
많으시니,낱말,
말미암아,낱말,
말소리가,낱말,
말씀으로,낱말,
말씀하되,낱말,
말씀하신,낱말,
말씀하실,낱말,
말씀하여,낱말,
말씀하지,낱말,
말지어다,낱말,
말하거늘,낱말,
말하기는,낱말,
말하기를,낱말,
말하노니,낱말,
말하니라,낱말,
말하려고,낱말,
말함이라,낱말,
맛보시고,낱말,
맡겼다가,낱말,
맡기리니,낱말,
맡기리라,낱말,
매매하는,낱말,
맷돌질을,낱말,
맹세하게,낱말,
맹세하고,낱말,
맹세하는,낱말,
맹세하면,낱말,
맹세하여,낱말,
맹세하지,낱말,
맹인들이,낱말,
머리로도,낱말,
머릿돌이,낱말,
먹나이다,낱말,
먹어서는,낱말,
메뚜기와,낱말,
며느리가,낱말,
면하리라,낱말,
멸망으로,낱말,
멸하실수,낱말,
명령하여,낱말,
명절에는,낱말,
명하기를,낱말,
명하소서,낱말,
모독하는,낱말,
모르나니,낱말,
모였는데,낱말,
모욕하고,낱말,
모욕하여,낱말,
모으리라,낱말,
모음같이,낱말,
모퉁이의,낱말,
목마르신,낱말,
몸이니라,낱말,
못하거늘,낱말,
못하겠고,낱말,
못하나니,낱말,
못하노라,낱말,
못하느냐,낱말,
못하더니,낱말,
못하리라,낱말,
못하시고,낱말,
못하여서,낱말,
못하였고,낱말,
무교절의,낱말,
무너지지,낱말,
무너짐이,낱말,
무덤들이,낱말,
무덤에서,낱말,
무리들이,낱말,
무리에게,낱말,
무서움과,낱말,
무엇으로,낱말,
무엇이냐,낱말,
무엇인지,낱말,
무죄하니,낱말,
무화과를,낱말,
문안하면,낱말,
물고기를,낱말,
물러가라,낱말,
물러가서,낱말,
물으리니,낱말,
물으시되,낱말,
므낫세는,낱말,
므낫세를,낱말,
미련하고,낱말,
미워하고,낱말,
미워하라,낱말,
민족에게,낱말,
믿겠노라,낱말,
믿었으며,낱말,
믿음대로,낱말,
바구니며,낱말,
바구니에,낱말,
바늘귀로,낱말,
바닷가에,낱말,
바돌로매,낱말,
바라갸의,낱말,
바라리라,낱말,
바라바냐,낱말,
바라바는,낱말,
바라바라,낱말,
바라바를,낱말,
바라보고,낱말,
바리새인,낱말,
박사들을,낱말,
박사들이,낱말,
박으려고,낱말,
박해하고,낱말,
반대하는,낱말,
받았으니,낱말,
받으니라,낱말,
받으려고,낱말,
받으리니,낱말,
받으리라,낱말,
받으시고,낱말,
받은지라,낱말,
받을진대,낱말,
발견하매,낱말,
밤낮으로,낱말,
방탕으로,낱말,
배낭이나,낱말,
백부장과,낱말,
백부장이,낱말,
백성들의,낱말,
백성에게,낱말,
백합화가,낱말,
버려둠을,낱말,
버렸도다,낱말,
버리리라,낱말,
버림받은,낱말,
번역한즉,낱말,
번이더냐,낱말,
범죄하게,낱말,
범하거든,낱말,
범하느냐,낱말,
범하여도,낱말,
베다니에,낱말,
베드로가,낱말,
베드로라,낱말,
베드로와,낱말,
베드로의,낱말,
베레스는,낱말,
베레스와,낱말,
벳바게에,낱말,
벳새다야,낱말,
변형되사,낱말,
병들었을,낱말,
보내노니,낱말,
보내리니,낱말,
보내리라,낱말,
보내소서,낱말,
보내시게,낱말,
보내시고,낱말,
보내시며,낱말,
보내심을,낱말,
보배합을,낱말,
보시더니,낱말,
보아스는,낱말,
보아스를,낱말,
보이거늘,낱말,
보이겠고,낱말,
보이고자,낱말,
보이기를,낱말,
보이니라,낱말,
보이려고,낱말,
볼지어다,낱말,
뵈오리라,낱말,
부드러운,낱말,
부딪치되,낱말,
부딪치매,낱말,
부딪치지,낱말,
부르시니,낱말,
부인하고,낱말,
부인하면,낱말,
부인하여,낱말,
부인하지,낱말,
부족할까,낱말,
분개하여,낱말,
분부대로,낱말,
분이시니,낱말,
분쟁하는,낱말,
불러다가,낱말,
불사르게,낱말,
불사르고,낱말,
불화하게,낱말,
붙였더라,낱말,
비롯하여,낱말,
비방이니,낱말,
비방하는,낱말,
비웃더라,낱말,
비유할까,낱말,
비추시며,낱말,
비판으로,낱말,
비판하는,낱말,
비판하지,낱말,
빌라도가,낱말,
빛나리라,낱말,
빠졌으면,낱말,
빠지리라,낱말,
빼앗기고,낱말,
빼앗나니,낱말,
뿐이니라,낱말,
사가랴의,낱말,
사느니라,낱말,
사람과만,낱말,
사람들은,낱말,
사람들을,낱말,
사람들의,낱말,
사람들이,낱말,
사람마다,낱말,
사람에게,낱말,
사람으로,낱말,
사람이냐,낱말,
사람이라,낱말,
사람이요,낱말,
사랑하고,낱말,
사랑하는,낱말,
사랑하라,낱말,
사랑하며,낱말,
사랑하면,낱말,
사로잡혀,낱말,
사박다니,낱말,
사방에서,낱말,
사업하러,낱말,
사이에서,낱말,
사자들을,낱말,
사하심을,낱말,
사화하라,낱말,
사흘까지,낱말,
사흘이매,낱말,
살아나기,낱말,
살아나며,낱말,
살아나야,낱말,
살아났다,낱말,
살인하면,낱말,
살인하지,낱말,
삼가라고,낱말,
삼았으니,낱말,
상관이냐,낱말,
상당하게,낱말,
상대하여,낱말,
상속자가,낱말,
상속자니,낱말,
상속자를,낱말,
상의하고,낱말,
상전보다,낱말,
새끼들아,낱말,
생각나서,낱말,
생각에는,낱말,
생각하여,낱말,
생각하지,낱말,
생명으로,낱말,
서겠느냐,낱말,
서기관과,낱말,
서기관이,낱말,
서로부터,낱말,
서편까지,낱말,
선생보다,낱말,
선인에게,낱말,
선지자가,낱말,
선지자로,낱말,
선지자를,낱말,
선지자와,낱말,
선지자의,낱말,
선하므로,낱말,
설명하여,낱말,
성령에게,낱말,
성령으로,낱말,
성임이요,낱말,
성전고에,낱말,
성전보다,낱말,
성전에서,낱말,
성전으로,낱말,
성전이냐,낱말,
성하더라,낱말,
성하므로,낱말,
세대에게,낱말,
세리들과,낱말,
세마포로,낱말,
세베대와,낱말,
세베대의,낱말,
세상에서,낱말,
세상이요,낱말,
세우리니,낱말,
세우시고,낱말,
소금이니,낱말,
소녀에게,낱말,
소돔에서,낱말,
소동하여,낱말,
소리질러,낱말,
소원대로,낱말,
손님들을,낱말,
손님들이,낱말,
솔로몬은,낱말,
솔로몬을,낱말,
솔로몬의,낱말,
수고하고,낱말,
수고하며,낱말,
수리아에,낱말,
순결하라,낱말,
숨겨지지,낱말,
숨기시고,낱말,
쉬우니라,낱말,
쉬우리라,낱말,
쉽겠느냐,낱말,
스불론과,낱말,
슬퍼하며,낱말,
슬퍼하사,낱말,
시간밖에,낱말,
시돈에서,낱말,
시몬이란,낱말,
시인하면,낱말,
시작하여,낱말,
시장에서,낱말,
시장하여,낱말,
시험하는,낱말,
시험하여,낱말,
시험하지,낱말,
식구리라,낱말,
신뢰하니,낱말,
실족하게,낱말,
실족하지,낱말,
싫소이다,낱말,
심으시지,낱말,
심판하여,낱말,
심하니라,낱말,
십일조는,낱말,
십자가를,낱말,
십자가에,낱말,
쏟아지고,낱말,
쓰시겠다,낱말,
아궁이에,낱말,
아내에게,낱말,
아느니라,낱말,
아니가고,낱말,
아니니라,낱말,
아니지요,낱말,
아니하고,낱말,
아니하냐,낱말,
아니하는,낱말,
아니하니,낱말,
아니하되,낱말,
아니하매,낱말,
아니하며,낱말,
아니하면,낱말,
아들들은,낱말,
아들들을,낱말,
아들들의,낱말,
아들에게,낱말,
아들이나,낱말,
아들이라,낱말,
아들이여,낱말,
아들이요,낱말,
아래까지,낱말,
아래에도,낱말,
아뢰니라,낱말,
아름다운,낱말,
아름답게,낱말,
아무에게,낱말,
아버지께,낱말,
아버지나,낱말,
아버지는,낱말,
아버지라,낱말,
아버지를,낱말,
아버지만,낱말,
아버지여,낱말,
아버지와,낱말,
아버지의,낱말,
아비야는,낱말,
아비야를,낱말,
아비훗은,낱말,
아비훗을,낱말,
아소르는,낱말,
아소르를,낱말,
아이들과,낱말,
아이들을,낱말,
아이들이,낱말,
아직까지,낱말,
아하스는,낱말,
아하스를,낱말,
아흔아홉,낱말,
안드레가,낱말,
안드레와,낱말,
안수하고,낱말,
안식일에,낱말,
안식일의,낱말,
안식일이,낱말,
안심하라,낱말,
안으로는,낱말,
앉았는데,낱말,
앉았다가,낱말,
앉았더니,낱말,
앉았더라,낱말,
앉았으니,낱말,
앉으리니,낱말,
앉으셨을,낱말,
앉으시고,낱말,
앉으시니,낱말,
앉으시매,낱말,
앉히시고,낱말,
않겠느냐,낱말,
않고서야,낱말,
않음으로,낱말,
알거니와,낱말,
알려지지,낱말,
알리려고,낱말,
알아보고,낱말,
알았느냐,낱말,
알았더니,낱말,
알패오의,낱말,
앎이더라,낱말,
앞문까지,낱말,
애곡하는,낱말,
애굽에서,낱말,
애굽으로,낱말,
애통하는,낱말,
야고보와,낱말,
약속하여,낱말,
약하도다,낱말,
약혼하고,낱말,
양에게로,낱말,
어두우면,낱말,
어떠하냐,낱말,
어떠한지,낱말,
어리석은,낱말,
어머니가,낱말,
어머니는,낱말,
어머니도,낱말,
어머니를,낱말,
어머니며,낱말,
어머니와,낱말,
어머니의,낱말,
어찌하여,낱말,
어찜이냐,낱말,
얻느니라,낱말,
얻으니라,낱말,
얻으리니,낱말,
얻으리라,낱말,
없거니와,낱말,
없느니라,낱말,
없는지라,낱말,
없어지고,낱말,
없어지기,낱말,
없어지지,낱말,
없으리라,낱말,
없으므로,낱말,
없으시니,낱말,
없음으로,낱말,
없음이라,낱말,
엎으시고,낱말,
에워싸는,낱말,
엘리야가,낱말,
엘리야를,낱말,
엘리웃은,낱말,
엘리웃을,낱말,
여고냐는,낱말,
여고냐와,낱말,
여기거늘,낱말,
여기노라,낱말,
여기므로,낱말,
여기소서,낱말,
여기시니,낱말,
여김이라,낱말,
여자들이,낱말,
여자에게,낱말,
여짜오되,낱말,
열병으로,낱말,
염려하라,낱말,
염려하여,낱말,
염려하지,낱말,
영광으로,낱말,
영원토록,낱말,
영접하는,낱말,
영접하면,낱말,
영접하지,낱말,
예물이냐,낱말,
예수께로,낱말,
예수께서,낱말,
예수이신,낱말,
오늘까지,낱말,
오르시매,낱말,
오른손에,낱말,
오른손이,낱말,
오른편에,낱말,
옥리에게,낱말,
온유하고,낱말,
온전하게,낱말,
온전하라,낱말,
올라가려,낱말,
옮겨지라,낱말,
옳소이다,낱말,
옳으니라,낱말,
완전하게,낱말,
왔느니라,낱말,
왕이로다,낱말,
외식하는,낱말,
외에서는,낱말,
요나보다,낱말,
요셉에게,낱말,
요셉이라,낱말,
요시야는,낱말,
요시야를,낱말,
요한보다,낱말,
요한에게,낱말,
요한이라,낱말,
욕하더라,낱말,
용납하고,낱말,
용서하면,낱말,
용서하여,낱말,
용서하지,낱말,
우리야의,낱말,
우리에게,낱말,
움직이려,낱말,
웃시야는,낱말,
웃시야를,낱말,
원망들을,낱말,
원망하여,낱말,
원이로되,낱말,
원하노니,낱말,
원하느냐,낱말,
원하시면,낱말,
위로부터,낱말,
윗자리와,낱말,
유대인의,낱말,
유령이라,낱말,
유월절을,낱말,
유익하게,낱말,
유익하며,낱말,
육지에서,낱말,
율법사가,낱말,
율법에서,낱말,
율법이나,낱말,
율법이요,낱말,
은밀하게,낱말,
음식보다,낱말,
의논하고,낱말,
의논하되,낱말,
의논하여,낱말,
의복보다,낱말,
의심하는,낱말,
의심하지,낱말,
의인들은,낱말,
의인들의,낱말,
의인들이,낱말,
의지하여,낱말,
이것으로,낱말,
이끌리어,낱말,
이러므로,낱말,
이러하니,낱말,
이루리라,낱말,
이르기를,낱말,
이르노니,낱말,
이르렀을,낱말,
이르리니,낱말,
이르리라,낱말,
이르소서,낱말,
이르시니,낱말,
이르시되,낱말,
이름으로,낱말,
이방들이,낱말,
이방인과,낱말,
이방인의,낱말,
이사야가,낱말,
이사야를,낱말,
이사야의,낱말,
이스라엘,낱말,
이시니라,낱말,
이에게는,낱말,
이와같이,낱말,
이제부터,낱말,
이튿날은,낱말,
인도자여,낱말,
인도하는,낱말,
인도하면,낱말,
인도하여,낱말,
인봉하고,낱말,
일꾼들을,낱말,
일렀으되,낱말,
일어나되,낱말,
일어나라,낱말,
일어나사,낱말,
일어나서,낱말,
일어남이,낱말,
일어서서,낱말,
일컬음을,낱말,
잃어버린,낱말,
잃었으면,낱말,
임금들이,낱말,
임하나니,낱말,
임하심과,낱말,
임하심을,낱말,
임할는지,낱말,
입맞추는,낱말,
입술로는,낱말,
입증하라,낱말,
있거니와,낱말,
있겠느냐,낱말,
있나이까,낱말,
있나이다,낱말,
있느니라,낱말,
있는지라,낱말,
있었는데,낱말,
있었도다,낱말,
있었으니,낱말,
있으리니,낱말,
있으리라,낱말,
있으리요,낱말,
있으면서,낱말,
있을진저,낱말,
있음으로,낱말,
잉태하여,낱말,
잊었더니,낱말,
잎사귀를,낱말,
자기들을,낱말,
자기들의,낱말,
자기에게,낱말,
자들에게,낱말,
자들이여,낱말,
자라는가,낱말,
자로부터,낱말,
자복하고,낱말,
자손들은,낱말,
자손에게,낱말,
자손이냐,낱말,
자손이여,낱말,
자손임을,낱말,
자식들과,낱말,
자식들아,낱말,
자식들이,낱말,
자식에게,낱말,
자식이나,낱말,
자에게는,낱말,
잔잔하게,낱말,
잠잠하라,낱말,
잡는지라,낱말,
잡으시매,낱말,
잡혀가게,낱말,
잡혔음을,낱말,
장가드는,낱말,
장로들과,낱말,
장로들의,낱말,
장로들이,낱말,
장사하게,낱말,
장사하고,낱말,
장사하여,낱말,
장애인과,낱말,
장애인이,낱말,
재능대로,낱말,
재촉하사,낱말,
재판관이,낱말,
재판석에,낱말,
저물었을,낱말,
저주하며,낱말,
저희에게,낱말,
적으니라,낱말,
적음이라,낱말,
전통으로,낱말,
전파되는,낱말,
전파된다,낱말,
전파하라,낱말,
전파하여,낱말,
정죄됨을,낱말,
정죄하지,낱말,
정죄함을,낱말,
제구시에,낱말,
제단으로,낱말,
제단이냐,낱말,
제삼시에,낱말,
제삼일에,낱말,
제육시와,낱말,
제자들과,낱말,
제자들도,낱말,
제자들은,낱말,
제자들을,낱말,
제자들이,낱말,
제자에게,낱말,
조롱하며,낱말,
족속들이,낱말,
족하니라,낱말,
족하도다,낱말,
종들에게,낱말,
종일토록,낱말,
좋사오니,낱말,
좌우편에,낱말,
죄인들과,낱말,
죄인들이,낱말,
주겠다고,낱말,
주겠으며,낱말,
주관하고,낱말,
주려느냐,낱말,
주리이까,낱말,
주먹으로,낱말,
주셨는데,낱말,
주셨으니,낱말,
주시기를,낱말,
주시니라,낱말,
주시리니,낱말,
주시옵고,낱말,
주었거늘,낱말,
주었느냐,낱말,
주었더니,낱말,
주었으니,낱말,
주옵소서,낱말,
주의하라,낱말,
주인에게,낱말,
주인이여,낱말,
주재이신,낱말,
죽기까지,낱말,
죽은지라,낱말,
죽이거나,낱말,
죽이기로,낱말,
죽이려고,낱말,
죽이리니,낱말,
준비하고,낱말,
준비하되,낱말,
준비하라,낱말,
즐거움에,낱말,
증언되기,낱말,
지경에서,낱말,
지경으로,낱말,
지금까지,낱말,
지나가게,낱말,
지나가기,낱말,
지나가는,낱말,
지도자는,낱말,
지도자라,낱말,
지르시고,낱말,
지르오니,낱말,
지방에서,낱말,
지방으로,낱말,
지시하신,낱말,
지으시고,낱말,
지키겠다,낱말,
지키니라,낱말,
지키더라,낱말,
지킬지라,낱말,
지팡이를,낱말,
지혜로운,낱말,
지혜롭고,낱말,
진동하며,낱말,
진멸하고,낱말,
진설병을,낱말,
집주인과,낱말,
쫓겨나고,낱말,
쫓아내는,낱말,
쫓아내되,낱말,
쫓아내며,낱말,
쫓아내면,낱말,
쫓아내지,낱말,
쫓아낸다,낱말,
쭉정이는,낱말,
차지하자,낱말,
찬미하고,낱말,
참되시고,낱말,
참새보다,낱말,
참여하지,낱말,
참으리요,낱말,
참으소서,낱말,
창녀들이,낱말,
창세부터,낱말,
찾아내어,낱말,
찾으리라,낱말,
처녀들이,낱말,
처음보다,낱말,
처하리니,낱말,
천국에서,낱말,
천사들과,낱말,
천사들도,낱말,
천사들을,낱말,
천사들이,낱말,
청소되고,낱말,
총독들과,낱말,
총독에게,낱말,
추수꾼은,낱말,
추수하는,낱말,
충성되고,낱말,
취리하는,낱말,
친구들과,낱말,
친구로다,낱말,
침노하는,낱말,
칭하리라,낱말,
크니이까,낱말,
탕감하여,낱말,
태로부터,낱말,
태어나지,낱말,
통곡하는,낱말,
통곡하며,낱말,
통지하여,낱말,
팔리리라,낱말,
퍼지니라,낱말,
퍼지더라,낱말,
퍼진지라,낱말,
평안하냐,낱말,
포도원에,낱말,
포도원은,낱말,
포도원을,낱말,
포도주는,낱말,
포도주도,낱말,
포도주를,낱말,
포도주에,낱말,
표명한다,낱말,
푼이라도,낱말,
풀리리라,낱말,
품꾼들과,낱말,
품꾼들을,낱말,
품꾼으로,낱말,
풍족하게,낱말,
피로부터,낱말,
피밭이라,낱말,
핍박하는,낱말,
핏값이라,낱말,
하겠느냐,낱말,
하나님과,낱말,
하나님께,낱말,
하나님은,낱말,
하나님을,낱말,
하나님의,낱말,
하나님이,낱말,
하나라도,낱말,
하나에게,낱말,
하나이까,낱말,
하나이다,낱말,
하나이요,낱말,
하느니라,낱말,
하는도다,낱말,
하는지라,낱말,
하늘로도,낱말,
하늘에서,낱말,
하리로다,낱말,
하리이다,낱말,
하셨거늘,낱말,
하셨도다,낱말,
하셨으나,낱말,
하셨으니,낱말,
하시거늘,낱말,
하시기를,낱말,
하시니라,낱말,
하시더라,낱말,
하시리니,낱말,
하시리라,낱말,
하심이니,낱말,
하심이라,낱말,
하였거늘,낱말,
하였거든,낱말,
하였구나,낱말,
하였느냐,낱말,
하였느뇨,낱말,
하였다가,낱말,
하였다는,낱말,
하였더니,낱말,
하였더라,낱말,
하였도다,낱말,
하였으나,낱말,
하였으니,낱말,
하옵소서,낱말,
하인들과,낱말,
한사람이,낱말,
할지니라,낱말,
함이니라,낱말,
함이러라,낱말,
합당하면,낱말,
합당하지,낱말,
합심하여,낱말,
항변하여,낱말,
해어짐이,낱말,
허락하라,낱말,
허락하지,낱말,
헐벗었을,낱말,
헐벗으신,낱말,
헤롯에게,낱말,
헤스론은,낱말,
헤스론을,낱말,
헤아리는,낱말,
헤아림을,낱말,
현몽하여,낱말,
협착하여,낱말,
형제니라,낱말,
형제들은,낱말,
형제들을,낱말,
형제에게,낱말,
호숫가에,낱말,
화목하고,낱말,
확증하게,낱말,
환난이나,낱말,
황폐하여,낱말,
회개하게,낱말,
회개하라,낱말,
회개하지,낱말,
회당에서,낱말,
회복되어,낱말,
흉악하게,낱말,
흔들리는,낱말,
흘리는데,낱말,
흩으리라,낱말,
희롱하여,낱말,
가겠나이다,낱말,
가두었으니,낱말,
가득하도다,낱말,
가득한지라,낱말,
가르쳤으되,낱말,
가르치시는,낱말,
가르치시니,낱말,
가르치시며,낱말,
가르치실새,낱말,
가르치심에,낱말,
가버나움아,낱말,
가버나움에,낱말,
가벼움이라,낱말,
가이사에게,낱말,
가져가기를,낱말,
가져가니라,낱말,
가져갔더니,낱말,
간구하더라,낱말,
감하시리라,낱말,
강령이니라,낱말,
강탈하리라,낱말,
갖추었으니,낱말,
갚으리이다,낱말,
갚으시리라,낱말,
거두었으며,낱말,
거스르므로,낱말,
건너편에서,낱말,
건너편으로,낱말,
건축자들의,낱말,
걸어오심을,낱말,
것이니이다,낱말,
겉옷까지도,낱말,
겟세마네라,낱말,
경고하시되,낱말,
계속되더니,낱말,
고을로부터,낱말,
고쳐주시니,낱말,
고치시니라,낱말,
고치시더라,낱말,
광주리이던,낱말,
구분하기를,낱말,
구원하고자,낱말,
구원하소서,낱말,
구원하였다,낱말,
군인들에게,낱말,
그들에게는,낱말,
그들에게도,낱말,
그러하리라,낱말,
그릇이라도,낱말,
그리스도가,낱말,
그리스도라,낱말,
그리스도를,낱말,
그리스도야,낱말,
그리스도에,낱말,
그리스도의,낱말,
그리스도인,낱말,
그리하고야,낱말,
그치는지라,낱말,
근심하더라,낱말,
금식하는데,낱말,
기도하기를,낱말,
기도하시고,낱말,
기르시나니,낱말,
기뻐하더라,낱말,
기뻐하리라,낱말,
기억하노니,낱말,
기억하리라,낱말,
기이하도다,낱말,
기진함이라,낱말,
까닭이니라,낱말,
깨끗하리라,낱말,
깨달았느냐,낱말,
깨달으니라,낱말,
깨달을진저,낱말,
꾸짖으시니,낱말,
나뭇가지를,낱말,
나병환자가,낱말,
나병환자를,낱말,
나사렛에서,낱말,
나사렛이란,낱말,
나아가니라,낱말,
나아오거늘,낱말,
나아온지라,낱말,
나타났더니,낱말,
나타내시니,낱말,
나타내심을,낱말,
남겼나이다,낱말,
낮아지리라,낱말,
내려오시니,낱말,
내버려지는,낱말,
내보내시며,낱말,
내쫓으시며,낱말,
너희에게는,낱말,
너희에게서,낱말,
노략질하는,낱말,
농부들에게,낱말,
높아지리라,낱말,
다니시다가,낱말,
다말에게서,낱말,
달음질할새,낱말,
담당하시고,낱말,
당신에게서,낱말,
대답하시되,낱말,
대제사장과,낱말,
대제사장의,낱말,
대제사장이,낱말,
더하겠느냐,낱말,
더하시리라,낱말,
던져지리라,낱말,
데가볼리와,낱말,
데나리온씩,낱말,
데나리온의,낱말,
데려오기를,낱말,
데려왔으나,낱말,
도둑질하여,낱말,
도둑질하지,낱말,
도망하니라,낱말,
도적질하여,낱말,
독수리들이,낱말,
돌릴지어다,낱말,
돌아가거늘,낱말,
돌아가니라,낱말,
돌아가리라,낱말,
돌이키시며,낱말,
동생들이냐,낱말,
돼지에게로,낱말,
두려워하니,낱말,
두려워하라,낱말,
두려워하며,낱말,
두려워하여,낱말,
두려워하지,낱말,
드러내리라,낱말,
드리려다가,낱말,
들렸나이다,낱말,
들어가기가,낱말,
들어가니라,낱말,
들어가든지,낱말,
들어가려면,낱말,
들어가리라,낱말,
들어가면서,낱말,
들어가시니,낱말,
들어가시매,낱말,
들어오심을,낱말,
들어왔느냐,낱말,
들여보내고,낱말,
들을지어다,낱말,
따라가시매,낱말,
따라간지라,낱말,
따라다니며,낱말,
따랐사온대,낱말,
따르는지라,낱말,
따르리이다,낱말,
떠나가니라,낱말,
떠나가시니,낱말,
떠나가실새,낱말,
떠나기까지,낱말,
떠나시기를,낱말,
떠나시니다,낱말,
떠나시니라,낱말,
떨어뜨리니,낱말,
뛰어내리라,낱말,
뜻이니이다,낱말,
라합에게서,낱말,
르호보암은,낱말,
르호보암을,낱말,
마땅함이라,낱말,
마시려니와,낱말,
만드는도다,낱말,
만하시거든,낱말,
맏아들에게,낱말,
말랐나이까,낱말,
말씀으로만,낱말,
말씀이니라,낱말,
말씀하시고,낱말,
말씀하시는,낱말,
말씀하시던,낱말,
말씀하시되,낱말,
말씀하심인,낱말,
말하였노라,낱말,
말하였도다,낱말,
망하느니라,낱말,
맹세함이요,낱말,
맹인들이여,낱말,
머리털까지,낱말,
먹어버렸고,낱말,
멸하기까지,낱말,
명령하거늘,낱말,
명이었더라,낱말,
명하시니라,낱말,
명하시리니,낱말,
명하신대로,낱말,
모독하도다,낱말,
모일지니라,낱말,
몰사하거늘,낱말,
못하겠노라,낱말,
못하느니라,낱말,
못하는고로,낱말,
못하는도다,낱말,
못하더이다,낱말,
못하였노라,낱말,
못하였느냐,낱말,
못하였으니,낱말,
못할지니라,낱말,
못함이니라,낱말,
무서워하니,낱말,
무서워하여,낱말,
무서워하지,낱말,
무엇이든지,낱말,
미혹하리라,낱말,
바꾸겠느냐,낱말,
바리새인과,낱말,
바벨론으로,낱말,
바알세불을,낱말,
박사들에게,낱말,
박해하거든,낱말,
박해하리라,낱말,
받았느니라,낱말,
받으시오며,낱말,
받을지어다,낱말,
밝아진지라,낱말,
배척한지라,낱말,
백부장에게,낱말,
버리려거든,낱말,
버릴지라도,낱말,
번까지라도,낱말,
번쩍임같이,낱말,
범하나이까,낱말,
범하였도다,낱말,
베드로에게,낱말,
베들레헴과,낱말,
베들레헴아,낱말,
베풀거니와,낱말,
보거든읽는,낱말,
보았느니라,낱말,
보좌임이요,낱말,
뵈었나이까,낱말,
뵈옵느니라,낱말,
부스러기를,낱말,
부인하리라,낱말,
분이시니라,낱말,
붙잡으시며,낱말,
비유하건대,낱말,
비취었도다,낱말,
비치느니라,낱말,
빌라도에게,낱말,
빠뜨려지는,낱말,
빼앗기리라,낱말,
빼앗느니라,낱말,
뿌려졌다는,낱말,
사내아이를,낱말,
사람들에게,낱말,
사람들이랴,낱말,
사람에게는,낱말,
사람에게서,낱말,
사람으로는,낱말,
사람이기에,낱말,
사람이니라,낱말,
사랑하거나,낱말,
사환들에게,낱말,
산울타리로,낱말,
살아나리라,낱말,
살아나셨고,낱말,
살아났으니,낱말,
삼키는도다,낱말,
상속받으라,낱말,
상속하리라,낱말,
생각나거든,낱말,
생각하기를,낱말,
생각하느냐,낱말,
생겼나이까,낱말,
서기관들과,낱말,
서기관들을,낱말,
서기관들이,낱말,
서기관마다,낱말,
선생님이여,낱말,
선지자니라,낱말,
선지자들과,낱말,
선지자들도,낱말,
선지자들을,낱말,
선지자들의,낱말,
선지자들이,낱말,
선지자보다,낱말,
세상에서도,낱말,
세울지니라,낱말,
소동한지라,낱말,
손바닥으로,낱말,
솔로몬보다,낱말,
수종드니라,낱말,
수종들더라,낱말,
순종하는가,낱말,
스룹바벨은,낱말,
스룹바벨을,낱말,
스알디엘은,낱말,
스알디엘을,낱말,
시어머니와,낱말,
시작이니라,낱말,
시험하느냐,낱말,
식사하시는,낱말,
식어지리라,낱말,
신랑이로다,낱말,
신하들에게,낱말,
싫어하거늘,낱말,
심판하리라,낱말,
십자가에서,낱말,
아내에게서,낱말,
아니하거든,낱말,
아니하기를,낱말,
아니하나니,낱말,
아니하노라,낱말,
아니하느냐,낱말,
아니하니라,낱말,
아니하더니,낱말,
아니하더라,낱말,
아니하도다,낱말,
아니하리니,낱말,
아니하리라,낱말,
아니하므로,낱말,
아니하시니,낱말,
아니하시면,낱말,
아니하였고,낱말,
아니하였다,낱말,
아들들이요,낱말,
아들에게냐,낱말,
아들이어든,낱말,
아리마대의,낱말,
아무에게도,낱말,
아미나답은,낱말,
아미나답을,낱말,
아버지께서,낱말,
아브라함과,낱말,
아브라함의,낱말,
아브라함이,낱말,
아시나이까,낱말,
아시느니라,낱말,
아켈라오가,낱말,
악으로부터,낱말,
안수하시고,낱말,
앉으려니와,낱말,
앉으셨더니,낱말,
않겠나이다,낱말,
알았더라면,낱말,
알았으므로,낱말,
앎이었더라,낱말,
앗사리온에,낱말,
약속하거늘,낱말,
어두워지며,낱말,
어디로부터,낱말,
어디서든지,낱말,
어려우니라,낱말,
어린이들을,낱말,
어머니에게,낱말,
얻으리이까,낱말,
엉겅퀴에서,낱말,
엘르아살은,낱말,
엘르아살을,낱말,
엘리아김은,낱말,
엘리아김을,낱말,
여러가지를,낱말,
여리고에서,낱말,
여자들에게,낱말,
여호사밧은,낱말,
여호사밧을,낱말,
연하여지고,낱말,
염려하느냐,낱말,
염려함으로,낱말,
영광으로도,낱말,
영접하였고,낱말,
영접하지도,낱말,
영접함이니,낱말,
예레미야나,낱말,
예레미야를,낱말,
예루살렘과,낱말,
예루살렘아,낱말,
예루살렘에,낱말,
예루살렘이,낱말,
예수께서는,낱말,
오늘날까지,낱말,
오셨나이까,낱말,
오시나이까,낱말,
옥졸들에게,낱말,
온전하고자,낱말,
온전하심과,낱말,
올라가노니,낱말,
올라오실새,낱말,
옳으니이까,낱말,
요구하리요,낱말,
요한까지니,낱말,
원하나이다,낱말,
유월절이라,낱말,
유익하니라,낱말,
유익하리요,낱말,
유하시니라,낱말,
음부에까지,낱말,
의논하거늘,낱말,
의논하느냐,낱말,
이것들보다,낱말,
이러하니라,낱말,
이러하리라,낱말,
이루었으니,낱말,
이르기까지,낱말,
이르셨으되,낱말,
이방인들도,낱말,
이방인들이,낱말,
이스라엘의,낱말,
일곱째까지,낱말,
일렀느니라,낱말,
일어나겠고,낱말,
일어나리라,낱말,
일컫느니라,낱말,
임하시오며,낱말,
입으로부터,낱말,
입혔나이까,낱말,
입히시거든,낱말,
있겠사오며,낱말,
있겠음이라,낱말,
있었겠도다,낱말,
있었더라면,낱말,
있었으리라,낱말,
있으리로다,낱말,
있으리이까,낱말,
자들에게나,낱말,
자들에게는,낱말,
자에게라야,낱말,
자이심이라,낱말,
잡수시느냐,낱말,
장로들에게,낱말,
장애인이나,낱말,
재판관에게,낱말,
저물었으니,낱말,
전파되리니,낱말,
전파하시며,낱말,
정죄하리니,낱말,
젖먹이들의,낱말,
제구시까지,낱말,
제구시쯤에,낱말,
제사장들이,낱말,
제사장에게,낱말,
제십일시에,낱말,
제자들에게,낱말,
조상이라고,낱말,
존대하리라,낱말,
좋겠나이다,낱말,
주리신지라,낱말,
주인이니라,낱말,
죽겠나이다,낱말,
죽었나이다,낱말,
죽었느니라,낱말,
죽었사오나,낱말,
죽였느니라,낱말,
죽을지언정,낱말,
준비하기를,낱말,
준비하리라,낱말,
준비하였던,낱말,
줄지니이다,낱말,
중풍병으로,낱말,
중풍병자를,낱말,
즐거워하라,낱말,
증언하는지,낱말,
지경이더라,낱말,
지나가신다,낱말,
지시하심을,낱말,
집권자들이,낱말,
쫓아내느냐,낱말,
창세로부터,낱말,
채찍질하고,낱말,
채찍질하며,낱말,
책망하시되,낱말,
천국에서는,낱말,
천사들이니,낱말,
청지기에게,낱말,
축복하시고,낱말,
축사하시고,낱말,
취하였으니,낱말,
칭하였은즉,낱말,
타인에게냐,낱말,
태우시리라,낱말,
태웠나이다,낱말,
토기장이의,낱말,
통곡하니라,낱말,
팔리느니라,낱말,
퍼뜨리니라,낱말,
평안하기를,낱말,
폐하는도다,낱말,
피하겠느냐,낱말,
하겠나이다,낱말,
하나님이요,낱말,
하늘로부터,낱말,
하늘에까지,낱말,
하늘에서도,낱말,
하루살이는,낱말,
하셨나이다,낱말,
하시는지라,낱말,
하심이니라,낱말,
하심이더라,낱말,
하였나이까,낱말,
하였나이다,낱말,
하였느니라,낱말,
하였는지라,낱말,
하였으리라,낱말,
하였음이라,낱말,
하오리이까,낱말,
합당하니라,낱말,
해당하니라,낱말,
허비하느냐,낱말,
헤로디아의,낱말,
헤롯에게로,낱말,
헤아림으로,낱말,
혈루증으로,낱말,
형제들에게,낱말,
형제에게만,낱말,
황폐하여질,낱말,
회복하리라,낱말,
흔들리리라,낱말,
흩어지리라,낱말,
희어졌더라,낱말,
히스기야는,낱말,
히스기야를,낱말,
가시나무에서,낱말,
가야바에게로,낱말,
가지셨나이다,낱말,
간음함이니라,낱말,
갈릴리로부터,낱말,
감사하나이다,낱말,
강탈하겠느냐,낱말,
거절하였도다,낱말,
경고하셨으니,낱말,
경배하는도다,낱말,
구원하실지라,낱말,
구원하였으되,낱말,
구하시옵소서,낱말,
그러하오이다,낱말,
그리스도까지,낱말,
그리스도께서,낱말,
그리스도들과,낱말,
그리스도시요,낱말,
그리스도인지,낱말,
기록되었으되,낱말,
기록하였으되,낱말,
깃들이느니라,낱말,
내려올지어다,낱말,
내려주심이라,낱말,
내버리느니라,낱말,
너희일까보냐,낱말,
넘어지는지라,낱말,
놀라워하더라,낱말,
높아지겠느냐,낱말,
대우하였도다,낱말,
대접하였으며,낱말,
대제사장들과,낱말,
대제사장들이,낱말,
던져지느니라,낱말,
데나리온씩을,낱말,
도망할지어다,낱말,
동방으로부터,낱말,
두려워하더니,낱말,
두려워함이라,낱말,
두었었나이다,낱말,
들어가는지라,낱말,
들여보내려고,낱말,
따라오려거든,낱말,
마리아에게서,낱말,
마음으로부터,낱말,
말씀하시기를,낱말,
말하였느니라,낱말,
맹세함이니라,낱말,
명하였나이까,낱말,
못하겠사오니,낱말,
못하였나이까,낱말,
못하였느니라,낱말,
무서워하느냐,낱말,
무서워하더니,낱말,
무화과나무가,낱말,
무화과나무를,낱말,
무화과나무의,낱말,
물러가셨다가,낱말,
미워하겠으며,낱말,
미혹하겠으며,낱말,
바래새인들은,낱말,
바리새인들과,낱말,
바리새인들은,낱말,
바리새인들이,낱말,
바리새인보다,낱말,
바리새인이여,낱말,
바알세불이라,낱말,
발등상임이요,낱말,
버리셨나이까,낱말,
베들레헴에서,낱말,
베들레헴으로,낱말,
보전되느니라,낱말,
부족하니이까,낱말,
뻔하였느니라,낱말,
사두개인들로,낱말,
사두개인들의,낱말,
사두개인들이,낱말,
사마리아인의,낱말,
생각하느니라,낱말,
생각하는도다,낱말,
서기관들에게,낱말,
석청이었더라,낱말,
성령이시니라,낱말,
소리지르거늘,낱말,
손가락으로도,낱말,
수리되었거늘,낱말,
시장하신지라,낱말,
아니되었나니,낱말,
아니하나이까,낱말,
아니하나이다,낱말,
아니하느니라,낱말,
아니하니이까,낱말,
아니하더이까,낱말,
아니하려거든,낱말,
아니하리이다,낱말,
아니하셨으니,낱말,
아니하시니라,낱말,
아니하시더라,낱말,
아니하시리라,낱말,
아니하였거늘,낱말,
아니하였노라,낱말,
아니하였느냐,낱말,
아니하였도다,낱말,
아니하였으되,낱말,
아니함일러라,낱말,
아들이니이다,낱말,
아들이었도다,낱말,
아무에게서도,낱말,
아버지께서도,낱말,
아버지시니라,낱말,
아버지에게나,낱말,
아브라함부터,낱말,
아이들에게는,낱말,
애굽으로부터,낱말,
어머니에게로,낱말,
어머니이니라,낱말,
없어질지언정,낱말,
없음이니이다,낱말,
역사하는도다,낱말,
영접하였으며,낱말,
예루살렘으로,낱말,
예비하셨든지,낱말,
예언하였도다,낱말,
오해하였도다,낱말,
올라가시니라,낱말,
옳소이다마는,낱말,
옷자락에라도,낱말,
완악하여져서,낱말,
왔음이거니와,낱말,
원하시나이까,낱말,
위함이었더냐,낱말,
의심하였느냐,낱말,
이것이야말로,낱말,
이루어졌나니,낱말,
이루어지이다,낱말,
이방인들에게,낱말,
일어나는지라,낱말,
임마누엘이라,낱말,
임하였느니라,낱말,
있사오리이까,낱말,
있사옵나이다,낱말,
자손이니이다,낱말,
장가들었다가,낱말,
장로들에게서,낱말,
전도하시려고,낱말,
제십일시에도,낱말,
제육시로부터,낱말,
좋아하느니라,낱말,
주님이시거든,낱말,
주무시는지라,낱말,
준비되었으나,낱말,
준비하였더라,낱말,
중언부언하지,낱말,
중풍병자들을,낱말,
중풍병자에게,낱말,
증명함이로다,낱말,
지나가시다가,낱말,
지키었사온대,낱말,
짊어지셨도다,낱말,
찬송하리로다,낱말,
참여할지어다,낱말,
채찍질하리라,낱말,
추수꾼들에게,낱말,
충성하였으매,낱말,
침묵하시거늘,낱말,
평안할지어다,낱말,
포도나무에서,낱말,
피곤함일러라,낱말,
하나님이로라,낱말,
하늘로부터냐,낱말,
하늘로부터라,낱말,
행하였더라면,낱말,
허락되었으나,낱말,
허락하는지라,낱말,
허락하옵소서,낱말,
,,
,,
,,
이새는 다윗 왕을 낳으니라,문장,하
그의 남편 요셉은 의로운 사람이라,문장,하
칭하리라 하심을 이루려 함이러라,문장,하
이미 도끼가 나무 뿌리에 놓였으니,문장,하
예수께서 세례를 받으시고,문장,하
이 돌들로 떡덩이가 되게 하라,문장,하
다만 그를 섬기라 하였느니라,문장,하
이는 선지자 이사야를 통하여,문장,하
예수께서 무리를 보시고,문장,하
입을 열어 가르쳐 이르시되,문장,하
일컬음을 받을 것임이요,문장,하
너희는 세상의 소금이니,문장,하
하였다는 것을 너희가 들었으나,문장,하
그 후에 와서 예물을 드리라,문장,하
네 구제함을 은밀하게 하라,문장,하
그러므로 너희는 이렇게 기도하라,문장,하
눈이 나쁘면 온 몸이 어두울 것이니,문장,하
이는 다 이방인들이 구하는 것이라,문장,하
그러므로 내일 일을 위하여,문장,하
그리하면 너희에게 열릴 것이니,문장,하
이것이 율법이요 선지자니라,문장,하
그 때에 내가 저희에게 밝히 말하되,문장,하
한 나병환자가 나아와 절하며,문장,하
이르시되 내가 가서 고쳐 주리라,문장,하
그러면 내 하인이 낫겠사옵나이다,문장,하
병든 자들을 다 고치시니,문장,하
건너편으로 가기를 명하시니라,문장,하
너는 나를 따르라 하시니라,문장,하
배에 오르시매 제자들이 따랐더니,문장,하
귀신들이 예수께 간구하여,문장,하
예수께서 그 생각을 아시고,문장,하
네 죄 사함을 받았느니라,문장,하
그가 일어나 집으로 돌아가거늘,문장,하
무리가 보고 두려워하며,문장,하
잔다 하시니 그들이 비웃더라,문장,하
그 소문이 그 온 땅에 퍼지더라,문장,하
주여 그러하오이다 하니,문장,하
귀신을 쫓아낸다 하더라,문장,하
말하는 이는 너희가 아니라,문장,하
사람의 원수가 자기 집안 식구리라,문장,하
자기 목숨을 잃는 자는 얻으리라,문장,하
그러면 너희가 어찌하여,문장,하
만일 너희가 즐겨 받을진대 오리라,문장,하
한 엘리야가 곧 이 사람이니라,문장,하
귀 있는 자는 들을지어다,문장,하
이르되 우리가 너희를 향하여,문장,하
바리새인들이 보고 예수께 말하되,문장,하
그는 다투지도 아니하며,문장,하
상한 갈대를 꺾지 아니하며,문장,하
예수께서 그들의 생각을 아시고,문장,하
그 열매로 나무를 아느니라,문장,하
이 악한 세대가 또한 이렇게 되리라,문장,하
한사람이 예수께 여짜오되 보소서,문장,하
말하던 사람에게 대답하여,문장,하
온 무리는 해변에 서 있더니,문장,하
귀 있는 자는 들으라 하시니라,문장,하
그들에게 비유로 말씀하시나이까,문장,하
그런즉 씨 뿌리는 비유를 들으라,문장,하
집 주인의 종들이 와서 말하되,문장,하
극히 값진 진주 하나를 발견하매,문장,하
세상 끝에도 이러하리라,문장,하
이는 요한이 헤롯에게 말하되,문장,하
헤롯이 요한을 죽이려 하되,문장,하
예수께서 나오사 큰 무리를 보시고,문장,하
예수께서 즉시 제자들을 재촉하사,문장,하
저물매 거기 혼자 계시더니,문장,하
하며 무서워하여 소리지르거늘,문장,하
물 위로 오라 하소서 하니,문장,하
배에 있는 사람들이 예수께 절하며,문장,하
모든 병든 자를 예수께 데리고 와서,문장,하
당신의 제자들이 어찌하여,문장,하
그 부모를 공경할 것이 없다 하여,문장,하
잘 예언하였도다 일렀으되,문장,하
말 못하는 사람이 말하고,문장,하
예수께서 무리를 흩어 보내시고,문장,하
하시고 그들을 떠나 가시니라,문장,하
제자들이 서로 의논하여,문장,하
떡 일곱 개로 사천 명을 먹이고,문장,하
시몬 베드로가 대답하여,문장,하
이에 제자들에게 경고하사,문장,하
제 목숨을 잃으면 찾으리라,문장,하
따로 높은 산에 올라 가셨더니,문장,하
쫓아내지 못하였나이까,문장,하
하시니 제자들이 매우 근심하더라,문장,하
베드로가 이르되 타인에게니이다,문장,하
주리이까 일곱 번까지 하오리이까,문장,하
갚을 것이 없는지라 주인이 명하여,문장,하
그 동료가 엎드려 간구하여,문장,하
이에 주인이 그를 불러다가 말하되,문장,하
예수께서 이 말씀을 마치시고,문장,하
그런즉 이제 둘이 아니요 한 몸이니,문장,하
여짜오되 그러면 어찌하여,문장,하
오직 타고난 자라야 할지니라,문장,하
그리고 와서 나를 따르라 하시니,문장,하
예수께서 그들을 보시며,문장,하
먼저 온 자까지 삯을 주라 하니,문장,하
받은 후 집 주인을 원망하여 이르되,문장,하
무리가 꾸짖어 잠잠하라 하되,문장,하
예수께서 머물러 서서 그들을 불러,문장,하
이르시되 너희에게 무엇을 하여,문장,하
그리하면 즉시 보내리라 하시니,문장,하
이르되 이는 누구냐 하거늘,문장,하
함을 읽어 본 일이 없느냐,문장,하
천국은 마치 자기 아들을 위하여,문장,하
이르되 친구여 어찌하여,문장,하
임금이 사환들에게 말하되,문장,하
예수께서 그들의 악함을 아시고,문장,하
이르되 가이사의 것이니이다,문장,하
상속자를 세울지니라 하였나이다,문장,하
최후에 그 여자도 죽었나이다,문장,하
그런즉 그들이 다 그를 취하였으니,문장,하
이것이 크고 첫째 되는 계명이요,문장,하
너희는 그리스도에 대하여,문장,하
그리하면 겉도 깨끗하리라,문장,하
너희가 너희 조상의 분량을 채우라,문장,하
많은 사람을 미혹하리라,문장,하
이 모든 것은 재난의 시작이니라,문장,하
이는 그 때에 큰 환난이 있겠음이라,문장,하
그 때에 사람이 너희에게 말하되,문장,하
그러면 사람들이 너희에게 말하되,문장,하
장가 들고 시집 가고 있으면서,문장,하
인자의 임함도 이와 같으리라,문장,하
한 사람은 버려둠을 당할 것이요,문장,하
한 사람은 버려둠을 당할 것이니라,문장,하
이러므로 너희도 준비하고,문장,하
신랑이 더디 오므로 다 졸며 잘새,문장,하
슬기 있는 자들이 대답하여,문장,하
또 다섯 달란트를 남기고,문장,하
내가 또 다섯 달란트를 남겼나이다,문장,하
내가 또 두 달란트를 남겼나이다,문장,하
보소서 당신의 것을 가지셨나이다,문장,하
그 주인이 대답하여 이르되 악하고,문장,하
예비된 나라를 상속받으라,문장,하
이에 의인들이 대답하여,문장,하
예비된 영영한 불에 들어가라,문장,하
제자들이 보고 분개하여,문장,하
그를 기억하리라 하시니라,문장,하
예수를 파는 유다가 대답하여,문장,하
이르시되 너희가 다 이것을 마시라,문장,하
흘리는 바 나의 피 곧 언약의 피니라,문장,하
시험에 들지 않게 깨어 기도하라,문장,하
다시 두 번째 나아가 기도하여,문장,하
인자가 죄인의 손에 팔리느니라,문장,하
너는 내가 내 아버지께 구하여,문장,하
너희 생각은 어떠하냐 대답하여,문장,하
너를 친 자가 누구냐 하더라,문장,하
베드로가 맹세하고 또 부인하여,문장,하
네 말소리가 너를 표명(表明)한다 하거늘,문장,하
그가 저주하며 맹세하여,문장,하
성전고에 넣어 둠이 옳지 않다 하고,문장,하
이에 선지자 예레미야를 통하여,문장,하
토기장이의 밭 값으로 주었으니,문장,하
아무 대답도 아니하시는지라,문장,하
나는 무죄하니 너희가 당하라,문장,하
십자가에 못 박히게 넘겨 주니라,문장,하
그의 옷을 벗기고 홍포를 입히며,문장,하
마시고자 하지 아니하시더라,문장,하
십자가에서 내려오라 하며,문장,하
나를 버리셨나이까 하는 뜻이라,문장,하
그 이튿날은 준비일 다음 날이라,문장,하
가서 힘대로 굳게 지키라 하거늘,문장,하
지키던 자들이 그를 무서워하여,문장,하
떨며 죽은 사람과 같이 되었더라,문장,하
천사가 여자들에게 말하여,문장,하
와서 그가 누우셨던 곳을 보라,문장,하
거기서 나를 보리라 하시니라,문장,하
군인들에게 돈을 많이 주며,문장,하
너희로 근심하지 않게 하리라 하니,문장,하
예수께서 나아와 말씀하여,문장,하
아브라함과 다윗의 자손 예수 그리스도의 계보라,문장,중
다윗은 우리야의 아내에게서 솔로몬을 낳고,문장,중
야곱은 마리아의 남편 요셉을 낳았으니,문장,중
동거하기 전에 성령으로 잉태된 것이 나타났더니,문장,중
그를 드러내지 아니하고 가만히 끊고자 하여,문장,중
이 일을 생각할 때에 주의 사자가 현몽하여,문장,중
아들을 낳으리니 이름을 예수라 하라,문장,중
헤롯 왕과 온 예루살렘이 듣고 소동한지라,문장,중
베들레헴으로 보내며 이르되 가서 아기에 대하여,문장,중
가다가 아기 있는 곳 위에 머물러 서 있는지라,문장,중
그들이 별을 보고 매우 크게 기뻐하고 기뻐하더라,문장,중
그들이 떠난 후에 주의 사자가 요셉에게 현몽하여,문장,중
이에 헤롯이 박사들에게 속은 줄 알고 심히 노하여,문장,중
이에 선지자 예레미야를 통하여 말씀하신 바,문장,중
회개하라 천국이 가까이 왔느니라 하였으니,문장,중
그의 오실 길을 곧게 하라 하였느니라,문장,중
그러므로 회개에 합당한 열매를 맺고,문장,중
그는 성령과 불로 너희에게 세례를 베푸실 것이요,문장,중
손에 키를 들고 자기의 타작 마당을 정하게 하사,문장,중
사십 일을 밤낮으로 금식하신 후에 주리신지라,문장,중
하신 말씀을 이루려 하심이라 일렀으되,문장,중
이 때부터 예수께서 비로소 전파하여,문장,중
그들이 곧 그물을 버려 두고 예수를 따르니라,문장,중
산에 올라가 앉으시니 제자들이 나아온지라,문장,중
나로 말미암아 너희를 욕하고 박해하고,문장,중
산 위에 있는 동네가 숨겨지지 못할 것이요,문장,중
사람이 등불을 켜서 말 아래에 두지 아니하고,문장,중
이같이 너희 빛이 사람 앞에 비치게 하여,문장,중
가르치는 자는 천국에서 크다 일컬음을 받으리라,문장,중
예물을 제단 앞에 두고 먼저 가서 형제와 화목하고,문장,중
또 간음하지 말라 하였다는 것을 너희가 들었으나,문장,중
"오직 너희 말은 옳다 옳다, 아니라 아니라 하라",문장,중
이에서 지나는 것은 악으로부터 나느니라,문장,중
또 네 이웃을 사랑하고 네 원수를 미워하라,문장,중
나는 너희에게 이르노니 너희 원수를 사랑하며,문장,중
너희를 핍박하는 자를 위하여 기도하라,문장,중
비를 의로운 자와 불의한 자에게 내려주심이라,문장,중
은밀한 중에 보시는 너의 아버지께서 갚으시리라,문장,중
은밀한 중에 보시는 네 아버지께서 갚으시리라,문장,중
오늘 우리에게 일용할 양식을 주시옵고,문장,중
우리가 우리에게 죄 지은 자를 사하여,문장,중
준 것 같이 우리 죄를 사하여 주시옵고,문장,중
도둑이 구멍을 뚫고 도둑질하느니라,문장,중
네 보물 있는 그 곳에는 네 마음도 있느니라,문장,중
그러므로 네 눈이 성하면 온 몸이 밝을 것이요,문장,중
보라 수고도 아니하고 길쌈도 아니하느니라,문장,중
너희는 먼저 그의 나라와 그의 의를 구하라,문장,중
그리하면 이 모든 것을 너희에게 더하시리라,문장,중
비판을 받지 아니하려거든 비판하지 말라,문장,중
보라 네 눈 속에 들보가 있는데 어찌하여,문장,중
너희 중에 누가 아들이 떡을 달라 하는데 돌을 주며,문장,중
생선을 달라 하는데 뱀을 줄 사람이 있겠느냐,문장,중
생명으로 인도하는 문은 좁고 길이 협착하여,문장,중
이러므로 그들의 열매로 그들을 알리라,문장,중
예수께서 손을 내밀어 그에게 대시며,문장,중
병을 짊어지셨도다 함을 이루려 하심이더라,문장,중
예수께서 무리가 자기를 에워싸는 것을 보시고,문장,중
한 서기관이 나아와 예수께 말씀하되,문장,중
선생님이여 어디로 가시든지 저는 따르리이다,문장,중
마침 멀리서 많은 돼지 떼가 먹고 있는지라,문장,중
예수께서 배에 오르사 건너가 본 동네에 이르시니,문장,중
이르시되 나를 따르라 하시니 일어나 따르니라,문장,중
너희 선생은 세리와 죄인들과 함께 잡수시느냐,문장,중
당신의 제자들은 금식하지 아니하나이까,문장,중
예수께서 일어나 따라가시매 제자들도 가더니,문장,중
이르시되 물러가라 이 소녀가 죽은 것이 아니라,문장,중
이에 예수께서 그들의 눈을 만지시며,문장,중
이르시되 너희 믿음대로 되라 하시니,문장,중
바리새인들은 이르되 그가 귀신의 왕을 의지하여,문장,중
그러므로 추수하는 주인에게 청하여,문장,중
추수할 일꾼들을 보내어 주소서 하라 하시니라,문장,중
가나안인 시몬 및 가룟 유다 곧 예수를 판 자라,문장,중
예수께서 이 열 둘을 내보내시며 명하여,문장,중
오히려 이스라엘 집의 잃어버린 양에게로 가라,문장,중
가면서 전파하여 말하되 천국이 가까이 왔다 하고,문장,중
너희 전대에 금이나 은이나 동을 가지지 말고,문장,중
또 그 집에 들어가면서 평안하기를 빌라,문장,중
누구든지 너희를 영접하지도 아니하고,문장,중
이 동네에서 너희를 박해하거든 저 동네로 피하라,문장,중
제자가 그 선생 같고 종이 그 상전 같으면 족하도다,문장,중
너희가 귓속말로 듣는 것을 집 위에서 전파하라,문장,중
너희에게는 머리털까지 다 세신 바 되었나니,문장,중
두려워하지 말라 너희는 많은 참새보다 귀하니라,문장,중
자기 목숨을 얻는 자는 잃을 것이요 나를 위하여,문장,중
예수께서 열두 제자에게 명하기를 마치시고,문장,중
저희가 떠나매 예수께서 무리에게 요한에 대하여,문장,중
하신 것이 이 사람에 대한 말씀이니라,문장,중
모든 선지자와 율법이 예언한 것은 요한까지니,문장,중
요한이 와서 먹지도 않고 마시지도 아니하매,문장,중
그들이 말하기를 귀신이 들렸다 하더니,문장,중
어린 아이들에게는 나타내심을 감사하나이다,문장,중
옳소이다 이렇게 된 것이 아버지의 뜻이니이다,문장,중
내 아버지께서 모든 것을 내게 주셨으니,문장,중
이는 내 멍에는 쉽고 내 짐은 가벼움이라 하시니라,문장,중
나는 자비를 원하고 제사를 원하지 아니하노라,문장,중
인자는 안식일의 주인이니라 하시니라,문장,중
거기에서 떠나 그들의 회당에 들어가시니,문장,중
물어 이르되 안식일에 병 고치는 것이 옳으니이까,문장,중
자기를 나타내지 말라 경고하셨으니,문장,중
이는 선지자 이사야를 통하여 말씀하신 바,문장,중
그리하고야 어떻게 그의 나라가 서겠느냐,문장,중
그 때에 서기관과 바리새인 중 몇 사람이 말하되,문장,중
예수께서 대답하여 이르시되 악하고,문장,중
이에 이르되 내가 나온 내 집으로 돌아가리라,문장,중
하고 와 보니 그 집이 비고 청소되고 수리되었거늘,문장,중
이르시되 누가 내 어머니며 내 동생들이냐 하시고,문장,중
그 날 예수께서 집에서 나가사 바닷가에 앉으시매,문장,중
예수께서 비유로 여러가지를 그들에게 말씀하여,문장,중
이르시되 씨를 뿌리는 자가 뿌리러 나가서,문장,중
해가 돋은 후에 타서 뿌리가 없으므로 말랐고,문장,중
제자들이 예수께 나아와 이르되 어찌하여,문장,중
들어도 듣지 못하며 깨닫지 못함이니라,문장,중
이사야의 예언이 그들에게 이루었으니,문장,중
싹이 나고 결실할 때에 가라지도 보이거늘,문장,중
그러면 우리가 가서 이것을 뽑기를 원하시나이까,문장,중
비유가 아니면 아무 것도 말씀하지 아니하셨으니,문장,중
대답하여 이르시되 좋은 씨를 뿌리는 이는 인자요,문장,중
돌아가서 자기의 소유를 다 팔아 그 밭을 사느니라,문장,중
또 천국은 마치 좋은 진주를 구하는 장사와 같으니,문장,중
가서 자기의 소유를 다 팔아 그 진주를 사느니라,문장,중
천사들이 와서 의인 중에서 악인을 갈라 내어,문장,중
풀무 불에 던져 넣으리니 거기서 울며 이를 갈리라,문장,중
그 때에 분봉 왕 헤롯이 예수의 소문을 듣고,문장,중
사람을 보내어 옥에서 요한의 목을 베어,문장,중
요한의 제자들이 와서 시체를 가져다가 장사하고,문장,중
불쌍히 여기사 그 중에 있는 병자를 고쳐 주시니라,문장,중
이르시되 그것을 내게 가져오라 하시고,문장,중
예수께서 즉시 손을 내밀어 그를 붙잡으시며,문장,중
배에 함께 오르매 바람이 그치는지라,문장,중
이르되 진실로 하나님의 아들이로소이다 하더라,문장,중
그들이 건너가 게네사렛 땅에 이르니,문장,중
대답하여 이르시되 너희는 어찌하여,문장,중
너희의 전통으로 하나님의 계명을 범하느냐,문장,중
하나님이 이르셨으되 네 부모를 공경하라 하시고,문장,중
너희의 전통으로 하나님의 말씀을 폐하는도다,문장,중
외식하는 자들아 이사야가 너희에 관하여,문장,중
무리를 불러 이르시되 듣고 깨달으라,문장,중
내 딸이 흉악하게 귀신 들렸나이다 하되,문장,중
대답하여 이르시되 자녀의 떡을 취하여,문장,중
개들에게 던짐이 마땅하지 아니하니라,문장,중
예수께서 무리에게 명하사 땅에 앉게 하시고,문장,중
떡 일곱 개와 그 생선을 가지사 축사하시고,문장,중
떼어 제자들에게 주시니 제자들이 무리에게 주매,문장,중
먹은 자는 여자와 어린이 외에 사천 명이었더라,문장,중
배에 오르사 마가단 지경으로 가시니라,문장,중
바리새인과 사두개인들이 와서 예수를 시험하여,문장,중
하늘로부터 오는 표적 보이기를 청하니,문장,중
주운 것이 몇 광주리이던 것을 기억하지 못하느냐,문장,중
이르시되 너희는 나를 누구라 하느냐,문장,중
이 일이 결코 주에게 미치지 아니하리이다,문장,중
자기 십자가를 지고 나를 따를 것이니라,문장,중
제자들이 듣고 엎드려 심히 두려워하니,문장,중
예수께서 나아와 그들에게 손을 대시며,문장,중
이르시되 일어나라 두려워 말라 하시니,문장,중
저희가 산에서 내려올 때에 예수께서 명하여,문장,중
제자들이 물어 이르되 그러면 어찌하여,문장,중
서기관들이 엘리야가 먼저 와야 하리라 하나이까,문장,중
자주 불에도 넘어지며 물에도 넘어지는지라,문장,중
죽임을 당하고 제삼일에 살아나리라,문장,중
그러나 우리가 그들이 실족하지 않게 하기 위하여,문장,중
만일 네 눈이 너를 범죄하게 하거든 빼어 내버리라,문장,중
권고하라 만일 들으면 네가 네 형제를 얻은 것이요,문장,중
만일 그들의 말도 듣지 않거든 교회에 말하고,문장,중
일곱 번을 일흔 번까지라도 할지니라,문장,중
결산할 때에 만 달란트 빚진 자 하나를 데려오매,문장,중
이르되 내게 참으소서 다 갚으리이다 하거늘,문장,중
이르되 나에게 참아 주소서 갚으리이다 하되,문장,중
갈릴리를 떠나 요단 강 건너 유대 지경에 이르시니,문장,중
바리새인들이 예수께 나아와 그를 시험하여,문장,중
모세는 이혼 증서를 주어서 버리라 명하였나이까,문장,중
예수께서 이르시되 사람마다 이 말을 받지 못하고,문장,중
그 때에 사람들이 예수께서 안수하고,문장,중
예수께서 이르시되 어린 아이들을 용납하고,문장,중
그들에게 안수하시고 거기를 떠나시니라,문장,중
네가 생명에 들어가려면 계명들을 지키라,문장,중
이에 베드로가 대답하여 이르되 보소서,문장,중
그가 하루 한 데나리온씩 품꾼들과 약속하여,문장,중
제육시와 제구시에 또 나가 그와 같이 하고,문장,중
이르되 너희도 포도원에 들어가라 하니라,문장,중
더위를 견딘 우리와 같게 하였나이다,문장,중
십자가에 못박게 할 것이나 제삼일에 살아나리라,문장,중
열 제자가 듣고 그 두 형제에 대하여 분히 여기거늘,문장,중
자기 목숨을 많은 사람의 대속물로 주려 함이니라,문장,중
만일 누가 무슨 말을 하거든 주가 쓰시겠다 하라,문장,중
제자들이 가서 예수의 명하신대로 하여,문장,중
함을 너희가 읽어 본 일이 없느냐 하시고,문장,중
이른 아침에 성으로 들어오실 때에 시장하신지라,문장,중
이 산더러 들려 바다에 던져지라 하여도 될 것이요,문장,중
둘째 아들에게 가서 또 그와 같이 말하니 대답하여,문장,중
농부들이 그 아들을 보고 서로 말하되,문장,중
이에 잡아 포도원 밖에 내쫓아 죽였느니라,문장,중
그들이 말하되 그 악한 자들을 진멸하고,문장,중
예수께서 다시 비유로 대답하여 이르시되,문장,중
혼인 잔치를 베푼 어떤 임금과 같으니,문장,중
그 남은 자들은 종들을 잡아 모욕하고 죽이니,문장,중
청함을 받은 자는 많되 택함을 입은 자는 적으니라,문장,중
그 둘째와 셋째로 일곱째까지 그렇게 하다가,문장,중
부활 때에 일곱 중의 누구의 아내가 되리이까,문장,중
무리가 듣고 그의 가르치심에 놀라더라,문장,중
그 중의 한 율법사가 예수를 시험하여 묻되,문장,중
선생님 율법 중에서 어느 계명이 크니이까,문장,중
뜻을 다하여 주 너의 하나님을 사랑하라 하셨으니,문장,중
이 두 계명이 온 율법과 선지자의 강령이니라,문장,중
이르시되 그러면 다윗이 성령에 감동하여,문장,중
어찌 그리스도를 주라 칭하여 말하되,문장,중
그러므로 무엇이든지 그들이 말하는 바는 행하고,문장,중
잔치의 윗자리와 회당의 높은 자리와,문장,중
화 있을진저 눈 먼 인도자여 너희가 말하되,문장,중
그 안에는 탐욕과 방탕으로 가득하게 하는도다,문장,중
눈 먼 바리새인이여 너는 먼저 안을 깨끗이 하라,문장,중
이 동네에서 저 동네로 따라다니며 박해하리라,문장,중
예루살렘아 예루살렘아 선지자들을 죽이고,문장,중
보라 너희 집이 황폐하여 버려진 바 되리라,문장,중
"민족이 민족을, 나라가 나라를 대적하여",문장,중
일어나겠고 곳곳에 기근과 지진이 있으리니,문장,중
불법이 성하므로 많은 사람의 사랑이 식어지리라,문장,중
그러나 끝까지 견디는 자는 구원을 얻으리라,문장,중
이 천국 복음이 모든 민족에게 증언되기 위하여,문장,중
온 세상에 전파되리니 그제야 끝이 오리라,문장,중
그 때에 유대에 있는 자들은 산으로 도망할지어다,문장,중
보라 내가 너희에게 미리 말하였노라,문장,중
주검이 있는 곳에는 독수리들이 모일지니라,문장,중
노아의 때와 같이 인자의 임함도 그러하리라,문장,중
있으라 생각하지 않은 때에 인자가 오리라,문장,중
그 중에 다섯은 미련하고 다섯은 슬기 있는 자라,문장,중
이에 그 처녀들이 다 일어나 등을 준비할 새,문장,중
그 주인이 이르되 잘 하였도다 착하고,문장,중
양은 그 오른편에 염소는 왼편에 두리라,문장,중
너희가 아는 바와 같이 이틀이 지나면 유월절이라,문장,중
예수를 흉계로 잡아 죽이려고 의논하되,문장,중
예수께서 베다니 나병환자 시몬의 집에 계실 때에,문장,중
이르되 무슨 의도로 이것을 허비하느냐,문장,중
그가 그 때부터 예수를 넘겨 줄 기회를 찾더라,문장,중
저물 때에 예수께서 열두 제자와 함께 앉으셨더니,문장,중
또 잔을 가지사 감사 기도하시고 그들에게 주시며,문장,중
이것은 죄 사함을 얻게 하려고 많은 사람을 위하여,문장,중
이에 그들이 찬미하고 감람 산으로 나아가니라,문장,중
하고 모든 제자도 그와 같이 말하니라,문장,중
너희는 여기 머물러 나와 함께 깨어 있으라 하시고,문장,중
제자들에게 오사 그 자는 것을 보시고,문장,중
마음에는 원이로되 육신이 약하도다 하시고,문장,중
내가 만일 그렇게 하면 이런 일이 있으리라,문장,중
한 성경이 어떻게 이루어지겠느냐 하시더라,문장,중
예수께서 이르시되 네가 말하였느니라,문장,중
이르되 그는 사형에 해당하니라 하고,문장,중
이르되 그리스도야 우리에게 선지자 노릇을 하라,문장,중
베드로가 모든 사람 앞에서 부인하여,문장,중
이 사람은 나사렛 예수와 함께 있었도다 하매,문장,중
이르되 나는 그 사람을 알지 못하노라 하더라,문장,중
하심이 생각나서 밖에 나가서 심히 통곡하니라,문장,중
결박하여 끌고 가서 총독 빌라도에게 넘겨 주니라,문장,중
이는 주께서 내게 명하신 바와 같으니라 하였더라,문장,중
대제사장들과 장로들에게 고발을 당하되,문장,중
그 때에 바라바라 하는 유명한 죄수가 있는데,문장,중
대제사장들과 장로들이 무리를 권하여,문장,중
이르되 유대인의 왕이여 평안할지어다 하며,문장,중
그에게 침 뱉고 갈대를 빼앗아 그의 머리를 치더라,문장,중
골고다 즉 해골의 곳이라는 곳에 이르러,문장,중
무덤들이 열리며 자던 성도의 몸이 많이 일어나되,문장,중
저물었을 때에 아리마대의 부자 요셉이라,문장,중
하는 사람이 왔으니 그도 예수의 제자라,문장,중
요셉이 시체를 가져다가 깨끗한 세마포로 싸서,문장,중
주여 저 속이던 자가 살아 있을 때에 말하되,문장,중
빌라도가 이르되 너희에게 경비병이 있으니,문장,중
그들이 경비병과 함께 가서 돌을 인봉하고,문장,중
그 형상이 번개 같고 그 옷은 눈같이 희거늘,문장,중
하라 보라 내가 너희에게 일렀느니라 하거늘,문장,중
그들이 장로들과 함께 모여 의논하고,문장,중
만일 이 말이 총독에게 들리면 우리가 권하여,문장,중
군인들이 돈을 받고 가르친 대로 하였으니,문장,중
이 말이 오늘날까지 유대인 가운데 두루 퍼지니라,문장,중
이르시되 하늘과 땅의 모든 권세를 내게 주셨으니,문장,중
마리아에게서 그리스도라 칭하는 예수가 나시니라,문장,상
요셉이 잠에서 깨어 일어나 주의 사자의 분부대로 행하여,문장,상
이르되 유대 베들레헴이오니 이는 선지자로 이렇게 기록된 바,문장,상
보배합을 열어 황금과 유향과 몰약을 예물로 드리니라,문장,상
헤롯이 죽기까지 거기 있었으니 이는 주께서 선지자를 통하여,문장,상
그 때에 세례 요한이 이르러 유대 광야에서 전파하여 말하되,문장,상
자기들의 죄를 자복하고 요단 강에서 그에게 세례를 받더니,문장,상
좋은 열매 맺지 아니하는 나무마다 찍혀 불에 던져지리라,문장,상
이르되 만일 내게 엎드려 경배하면 이 모든 것을 네게 주리라,문장,상
이에 마귀는 예수를 떠나고 천사들이 나아와서 수종드니라,문장,상
예수께서 요한이 잡혔음을 들으시고 갈릴리로 물러가셨다가,문장,상
이르시되 회개하라 천국이 가까이 왔느니라 하시더라,문장,상
그들이 곧 배와 아버지를 버려 두고 예수를 따르니라,문장,상
심령이 가난한 자는 복이 있나니 천국이 그들의 것임이요,문장,상
애통하는 자는 복이 있나니 그들이 위로를 받을 것임이요,문장,상
온유한 자는 복이 있나니 그들이 땅을 기업으로 받을 것임이요,문장,상
의에 주리고 목마른 자는 복이 있나니 그들이 배부를 것임이요,문장,상
마음이 청결한 자는 복이 있나니 그들이 하나님을 볼 것임이요,문장,상
화평케 하는 자는 복이 있나니 그들이 하나님의 아들이라,문장,상
기뻐하고 즐거워하라 하늘에서 너희의 상이 큼이라,문장,상
너희 전에 있던 선지자들도 이같이 박해하였느니라,문장,상
등경 위에 두나니 이러므로 집 안 모든 사람에게 비치느니라,문장,상
너를 고발하는 자와 함께 길에 있을 때에 급히 사화하라,문장,상
만일 네 오른 눈이 너로 실족하게 하거든 빼어 내버리라,문장,상
또한 만일 네 오른손이 너로 실족하게 하거든 찍어 내버리라,문장,상
네 머리로도 말라 이는 네가 한 터럭도 희고 검게 할 수 없음이라,문장,상
너는 구제할 때에 오른손이 하는 것을 왼손이 모르게 하여,문장,상
하늘에 계신 우리 아버지여 이름이 거룩히 여김을 받으시오며,문장,상
우리를 시험에 들게 하지 마시옵고 다만 악에서 구하시옵소서,문장,상
(나라와 권세와 영광이 아버지께 영원히 있사옵나이다 아멘),문장,상
너는 금식할 때에 머리에 기름을 바르고 얼굴을 씻으라,문장,상
도둑이 구멍을 뚫지도 못하고 도둑질도 못하느니라,문장,상
한 사람이 두 주인을 섬기지 못할 것이니 혹 이를 미워하고,문장,상
너희 중에 누가 염려함으로 그 키를 한 자라도 더할 수 있겠느냐,문장,상
예수께서 이 말씀을 마치시매 무리들이 그 가르치심에 놀라니,문장,상
예수께서 산에서 내려오시니 수많은 무리가 따르니라,문장,상
이르되 주여 원하시면 저를 깨끗하게 하실 수 있나이다 하거늘,문장,상
모세가 명한 예물을 드려 그들에게 입증하라 하시니라,문장,상
나도 남의 수하에 있는 사람이요 내 아래에도 군사가 있으니,문장,상
그 제자들이 나아와 깨우며 가로되 주여 구원하소서,문장,상
곧 일어나사 바람과 바다를 꾸짖으시니 아주 잔잔하게 되거늘,문장,상
어떤 서기관들이 속으로 이르되 이 사람이 신성을 모독하도다,문장,상
이르시되 너희가 어찌하여 마음에 악한 생각을 하느냐,문장,상
하는 말과 일어나 걸어가라 하는 말 중에 어느 것이 쉽겠느냐,문장,상
이런 권능을 사람에게 주신 하나님께 영광을 돌리니라,문장,상
바리새인들이 보고 그의 제자들에게 이르되 어찌하여,문장,상
너희는 가서 내가 긍휼을 원하고 제사를 원치 아니하노라,문장,상
새 포도주는 새 부대에 넣어야 둘이 다 보전되느니라,문장,상
예수께서 이 말씀을 하실 때에 한 관리가 와서 절하며,문장,상
이는 제 마음에 그 겉옷만 만져도 구원을 받겠다 함이라,문장,상
예수께서 돌이켜 그를 보시며 이르시되 딸아 안심하라,문장,상
그들이 나가서 예수의 소문을 그 온 땅에 퍼뜨리니라,문장,상
그들이 나갈 때에 귀신 들려 말 못하는 사람을 예수께 데려오니,문장,상
천국 복음을 전파하시며 모든 병과 모든 약한 것을 고치시니라,문장,상
이에 제자들에게 이르시되 추수할 것은 많되 일꾼이 적으니,문장,상
열두 사도의 이름은 이러하니 베드로라 하는 시몬을 비롯하여,문장,상
"그의 형제 안드레와 세베대의 아들 야고보와 그의 형제 요한,",문장,상
병든 자를 고치며 죽은 자를 살리며 나병환자를 깨끗하게 하며,문장,상
귀신을 쫓아내되 너희가 거저 받았으니 거저 주어라,문장,상
보라 내가 너희를 보냄이 양을 이리 가운데로 보냄과 같도다,문장,상
그러므로 너희는 뱀 같이 지혜롭고 비둘기 같이 순결하라,문장,상
너희 속에서 말씀하시는 이 곧 너희 아버지의 성령이시니라,문장,상
"제자가 그 선생보다, 또는 종이 그 상전보다 높지 못하나니",문장,상
집 주인을 바알세불이라 하였거든 하물며 그 집 사람들이랴,문장,상
내가 너희에게 어두운 데서 이르는 것을 광명한 데서 말하며,문장,상
요한이 옥에서 그리스도께서 하신 일을 듣고 제자들을 보내어,문장,상
그러나 천국에서는 극히 작은 자라도 그보다 크니라,문장,상
인자는 와서 먹고 마시매 말하기를 보라 먹기를 탐하고,문장,상
보시오 당신의 제자들이 안식일에 하지 못할 일을 하나이다,문장,상
내가 너희에게 이르노니 성전보다 더 큰 이가 여기 있느니라,문장,상
한쪽 손 마른 사람이 있는지라 사람들이 예수를 고발하려 하여,문장,상
바리새인들이 나가서 어떻게 하여 예수를 죽일까 의논하거늘,문장,상
내가 내 영을 그에게 줄 터이니 그가 심판을 이방에 알게 하리라,문장,상
들레지도 아니하리니 아무도 길에서 그 소리를 듣지 못하리라,문장,상
또한 이방들이 그 이름을 바라리라 함을 이루려 하심이니라,문장,상
무리가 다 놀라 이르되 이는 다윗의 자손이 아니냐 하니,문장,상
사탄이 만일 사탄을 쫓아 내면 스스로 분쟁하는 것이니,문장,상
네 말로 의롭다 함을 받고 네 말로 정죄함을 받으리라,문장,상
선생님이여 우리에게 표적 보여 주시기를 원하나이다,문장,상
뿌릴새 더러는 길 가에 떨어지매 새들이 와서 먹어버렸고,문장,상
더러는 가시떨기 위에 떨어지매 가시가 자라서 기운을 막았고,문장,상
"그러나 너희 눈은 봄으로, 너희 귀는 들음으로 복이 있도다",문장,상
돌밭에 뿌려졌다는 것은 말씀을 듣고 즉시 기쁨으로 받되,문장,상
좋은 땅에 뿌려졌다는 것은 말씀을 듣고 깨닫는 자니 결실하여,문장,상
주인이 이르되 원수가 이렇게 하였구나 종들이 말하되,문장,상
예수께서 이 모든 것을 무리에게 비유로 말씀하시고,문장,상
창세부터 감추인 것들을 드러내리라 함을 이루려 하심이니라,문장,상
풀무 불에 던져 넣으리니 거기서 울며 이를 갈게 되리라,문장,상
그 때에 의인들은 자기 아버지 나라에서 해와 같이 빛나리라,문장,상
또 천국은 마치 바다에 치고 각종 물고기를 모는 그물과 같으니,문장,상
이 모든 것을 깨달았느냐 하시니 대답하되 그러하오이다,문장,상
예수께서 이 모든 비유를 마치신 후에 그 곳을 떠나서,문장,상
그러므로 이런 능력이 그 속에서 역사하는도다 하더라,문장,상
당신이 그 여자를 차지한 것이 옳지 않다 하였음이라,문장,상
무리가 그를 선지자로 여기므로 그들을 두려워하더니,문장,상
무리를 보내어 마을에 들어가 먹을 것을 사 먹게 하소서,문장,상
예수께서 이르시되 갈 것 없다 너희가 먹을 것을 주라,문장,상
떡을 떼어 제자들에게 주시매 제자들이 무리에게 주니,문장,상
다 배불리 먹고 남은 조각을 열두 바구니에 차게 거두었으며,문장,상
먹은 사람은 여자와 어린이 외에 오천 명이나 되었더라,문장,상
무리를 보내신 후에 기도하러 따로 산에 올라가시니라,문장,상
밤 사경에 예수께서 바다 위로 걸어서 제자들에게 오시니,문장,상
제자들이 그가 바다 위로 걸어오심을 보고 놀라 유령이라,문장,상
예수께서 즉시 이르시되 안심하라 나니 두려워하지 말라,문장,상
이르시되 믿음이 작은 자여 왜 의심하였느냐 하시고,문장,상
그 곳 사람들이 예수이신 줄을 알고 그 근방에 두루 통지하여,문장,상
이 백성이 입술로는 나를 공경하되 마음은 내게서 멀도다,문장,상
입으로 들어가는 것이 사람을 더럽게 하는 것이 아니라,문장,상
입에서 나오는 그것이 사람을 더럽게 하는 것이니라,문장,상
그냥 두라 그들은 맹인이 되어 맹인을 인도하는 자로다,문장,상
예수께서 이르시되 너희도 아직까지 깨달음이 없느냐,문장,상
예수께서 거기서 나가사 두로와 시돈 지방으로 들어가시니,문장,상
예수는 한 말씀도 대답하지 아니하시니 제자들이 와서 청하여,문장,상
말하되 그 여자가 우리 뒤에서 소리를 지르오니 그를 보내소서,문장,상
여자가 와서 예수께 절하며 이르되 주여 저를 도우소서,문장,상
이에 예수께서 대답하여 이르시되 여자여 네 믿음이 크도다,문장,상
네 소원대로 되리라 하시니 그 때로부터 그의 딸이 나으니라,문장,상
다 배불리 먹고 남은 조각을 일곱 광주리에 차게 거두었으며,문장,상
제자들이 건너편으로 갈새 떡 가져가기를 잊었더니,문장,상
이르되 우리가 떡을 가져오지 아니하였도다 하거늘,문장,상
너희가 아직도 깨닫지 못하느냐 떡 다섯 개로 오천 명을 먹이고,문장,상
예수께서 대답하여 이르시되 바요나 시몬아 네가 복이 있도다,문장,상
자기가 그리스도인 것을 아무에게도 이르지 말라 하시니라,문장,상
제삼일에 살아나야 할 것을 제자들에게 비로소 나타내시니,문장,상
베드로가 예수를 붙들고 항변하여 이르되 주여 그리 마옵소서,문장,상
주여 내 아들을 불쌍히 여기소서 그가 간질로 심히 고생하여,문장,상
내가 주의 제자들에게 데리고 왔으나 능히 고치지 못하더이다,문장,상
예수께서 이르시되 그렇다면 아들들은 세를 면하리라,문장,상
예수께서 한 어린 아이를 불러 그들 가운데 세우시고,문장,상
실족하게 하는 일들이 있음으로 말미암아 세상에 화가 있도다,문장,상
만일 네 손이나 네 발이 너를 범죄하게 하거든 찍어 내버리라,문장,상
네 형제가 죄를 범하거든 가서 너와 그 사람과만 상대하여,문장,상
교회의 말도 듣지 않거든 이방인과 세리와 같이 여기라,문장,상
두세 사람이 내 이름으로 모인 곳에는 나도 그들 중에 있느니라,문장,상
예수께서 이르시되 네게 이르노니 일곱 번뿐 아니라,문장,상
그러므로 천국은 그 종들과 결산하려 하던 어떤 임금과 같으니,문장,상
그 몸과 아내와 자식들과 모든 소유를 다 팔아 갚게 하라 하니,문장,상
허락하지 아니하고 이에 가서 그가 빚을 갚도록 옥에 가두거늘,문장,상
악한 종아 네가 빌기에 내가 네 빚을 전부 탕감하여 주었거늘,문장,상
주인이 노하여 그 빚을 다 갚도록 저를 옥졸들에게 넘기니라,문장,상
큰 무리가 따르거늘 예수께서 거기서 그들의 병을 고치시더라,문장,상
그 둘이 한 몸이 될지니라 하신 것을 읽지 못하였느냐,문장,상
스스로 된 고자도 있도다 이 말을 받을 만한 자는 받을지어다,문장,상
그 청년이 재물이 많으므로 이 말씀을 듣고 근심하며 가니라,문장,상
제십일시에도 나가 보니 서 있는 사람들이 또 있는지라,문장,상
제십일시에 온 자들이 와서 한 데나리온씩을 받거늘,문장,상
네가 나와 한 데나리온의 약속을 하지 아니하였느냐,문장,상
이와 같이 나중 된 자로서 먼저 되고 먼저 된 자로서 나중 되리라,문장,상
이방인들에게 넘겨 주어 그를 조롱하며 채찍질하며,문장,상
그 고관들이 그들에게 권세를 부리는 줄을 너희가 알거니와,문장,상
인자가 온 것은 섬김을 받으려 함이 아니라 도리어 섬기려 하고,문장,상
그들이 여리고에서 떠나 갈 때에 큰 무리가 예수를 따르더라,문장,상
주기를 원하느냐 이르되 주여 우리 눈 뜨기를 원하나이다,문장,상
이는 선지자를 통하여 하신 말씀을 이루려 하심이라 일렀으되,문장,상
시온 딸에게 이르기를 네 왕이 네게 임하나니 그는 겸손하여,문장,상
"나귀, 곧 멍에 메는 짐승의 새끼를 탔도다 하라 하였느니라",문장,상
주의 이름으로 오시는 이여 가장 높은 곳에서 호산나 하더라,문장,상
예수께서 예루살렘에 들어가시니 온 성이 소동하여,문장,상
무리가 이르되 갈릴리 나사렛에서 나온 선지자 예수라 하니라,문장,상
그들에게 이르시되 기록된 바 내 집은 기도하는 집이라,문장,상
맹인과 저는 자들이 성전에서 예수께 나아오매 고쳐주시니,문장,상
그들을 떠나 성 밖으로 베다니에 가서 거기서 유하시니라,문장,상
대답하여 이르되 아버지여 가겠나이다 하더니 가지 아니하고,문장,상
이르되 싫소이다 하였다가 그 후에 뉘우치고 갔으니,문장,상
농부들이 종들을 잡아 하나는 심히 때리고 하나는 죽이고,문장,상
이는 상속자니 자 죽이고 그의 유산을 차지하자 하고,문장,상
그러면 포도원 주인이 올 때에 그 농부들을 어떻게 하겠느냐,문장,상
임금이 노하여 군대를 보내어 그 살인한 자들을 진멸하고,문장,상
그러면 당신의 생각에는 어떠한지 우리에게 이르소서,문장,상
이르시되 외식하는 자들아 어찌하여 나를 시험하느냐,문장,상
세금 낼 돈을 내게 보이라 하시니 데나리온 하나를 가져 왔거늘,문장,상
예수께서 말씀하시되 이 형상과 이 글이 누구의 것이냐,문장,상
그들이 이 말씀을 듣고 놀랍게 여겨 예수를 떠나가니라,문장,상
부활이 없다 하는 사두개인들이 그 날 예수께 와서 물어 이르되,문장,상
죽은 자의 부활을 논할진대 하나님이 너희에게 말씀하신 바,문장,상
예수께서 이르시되 네 마음을 다하고 목숨을 다하고,문장,상
둘째도 그와 같으니 네 이웃을 네 자신 같이 사랑하라 하셨으니,문장,상
바리새인들이 모였을 때에 예수께서 그들에게 물으시되,문장,상
이에 예수께서 무리와 제자들에게 말씀하여 이르시되,문장,상
서기관들과 바리새인들이 모세의 자리에 앉았으니,문장,상
너희 중에 큰 자는 너희를 섬기는 자가 되어야 하리라,문장,상
그러나 이것도 행하고 저것도 버리지 말아야 할지니라,문장,상
맹인 된 인도자여 하루살이는 걸러 내고 낙타는 삼키는도다,문장,상
내가 너희에게 이르노니 이제부터 너희는 찬송하리로다,문장,상
많은 사람이 내 이름으로 와서 이르되 나는 그리스도라 하여,문장,상
거짓 선지자가 많이 일어나 많은 사람을 미혹하겠으며,문장,상
지붕 위에 있는 자는 집 안에 있는 물건을 가지러 내려 가지 말며,문장,상
밭에 있는 자는 겉옷을 가지러 뒤로 돌이키지 말지어다,문장,상
그 날에는 아이 밴 자들과 젖 먹이는 자들에게 화가 있으리로다,문장,상
창세로부터 지금까지 이런 환난이 없었고 후에도 없으리라,문장,상
보라 그리스도가 여기 있다 혹은 저기 있다 하여도 믿지 말라,문장,상
그 날 환난 후에 즉시 해가 어두워지며 달이 빛을 내지 아니하며,문장,상
별들이 하늘에서 떨어지며 하늘의 권능들이 흔들리리라,문장,상
천지는 없어질지언정 내 말은 없어지지 아니하리라,문장,상
홍수가 나서 그들을 다 멸하기까지 깨닫지 못하였으니,문장,상
그 때에 두 사람이 밭에 있으매 한 사람은 데려감을 당하고,문장,상
두 여자가 맷돌질을 하고 있으매 한 사람은 데려감을 당하고,문장,상
만일 그 악한 종이 마음에 생각하기를 주인이 더디 오리라 하여,문장,상
동무들을 때리며 술 친구들과 더불어 먹고 마시게 되면,문장,상
생각하지 않은 날 알지 못하는 시간에 그 종의 주인이 이르러,문장,상
미련한 자들은 등을 가지되 기름을 가지지 아니하고,문장,상
슬기 있는 자들은 그릇에 기름을 담아 등과 함께 가져갔더니,문장,상
밤중에 소리가 나되 보라 신랑이로다 맞으러 나오라 하매,문장,상
그런즉 깨어 있으라 너희는 그 날과 그 때를 알지 못하느니라,문장,상
다섯 달란트 받은 자는 바로 가서 그것으로 장사하여,문장,상
두 달란트를 받은 자도 그같이 하여 또 두 달란트를 남겼으되,문장,상
오랜 후에 그 종들의 주인이 돌아와 그들과 결산할새,문장,상
한 달란트 받았던 자는 와서 이르되 주여 당신은 굳은 사람이라,문장,상
그에게서 그 한 달란트를 빼앗아 열 달란트 가진 자에게 주라,문장,상
"그들은 영벌에, 의인들은 영생에 들어가리라 하시니라",문장,상
예수께서 이 말씀을 다 마치시고 제자들에게 이르시되,문장,상
인자가 십자가에 못 박히기 위하여 팔리리라 하시더라,문장,상
말하기를 민란이 날까 하노니 명절에는 하지 말자 하더라,문장,상
예수께서 아시고 그들에게 이르시되 너희가 어찌하여,문장,상
이 여자를 괴롭게 하느냐 그가 내게 좋은 일을 하였느니라,문장,상
제자들이 예수께서 시키신 대로 하여 유월절을 준비하였더라,문장,상
그들이 몹시 근심하여 각각 여짜오되 주여 나는 아니지요,문장,상
그들이 먹을 때에 예수께서 떡을 가지사 축복하시고,문장,상
그러나 내가 살아난 후에 너희보다 먼저 갈릴리로 가리라,문장,상
이에 말씀하시되 내 마음이 매우 고민하여 죽게 되었으니,문장,상
다시 오사 보신즉 그들이 자니 이는 그들의 눈이 피곤함일러라,문장,상
또 그들을 두시고 나아가 세 번째 같은 말씀으로 기도하신 후,문장,상
일어나라 함께 가자 보라 나를 파는 자가 가까이 왔느니라,문장,상
곧 예수께 나아와 랍비여 안녕하시옵니까 하고 입을 맞추니,문장,상
예수께서 이르시되 친구여 네가 무엇을 하려고 왔는지 행하라,문장,상
하신대 이에 그들이 나아와 예수께 손을 대어 잡는지라,문장,상
지금 열두 군단 더 되는 천사를 보내시게 할 수 없는 줄로 아느냐,문장,상
그러나 이렇게 된 것은 다 선지자들의 글을 이루려 함이니라,문장,상
하시더라 이에 제자들이 다 예수를 버리고 도망하니라,문장,상
거짓 증인이 많이 왔으나 얻지 못하더니 후에 두 사람이 와서,문장,상
이르되 나는 네가 무슨 말을 하는지 알지 못하겠노라 하며,문장,상
이르되 나는 그 사람을 알지 못하노라 하니 곧 닭이 울더라,문장,상
대제사장들이 그 은을 거두며 이르되 이것은 핏값이라,문장,상
그러므로 오늘날까지 그 밭을 피밭이라 일컫느니라,문장,상
한 마디도 대답하지 아니하시니 총독이 크게 놀라워하더라,문장,상
이는 그가 그들의 시기(猜忌)로 예수를 넘겨 준 줄 앎이더라,문장,상
바라바를 달라 하게 하고 예수를 죽이자 하게 하였더니,문장,상
이르되 그 피를 우리와 우리 자손에게 돌릴지어다 하거늘,문장,상
이에 바라바는 저희에게 놓아 주고 예수는 채찍질하고,문장,상
그들이 예수를 십자가에 못 박은 후에 그 옷을 제비 뽑아 나누고,문장,상
그 머리 위에 이는 유대인의 왕 예수라 쓴 죄패를 붙였더라,문장,상
지나가는 자들은 자기 머리를 흔들며 예수를 모욕하여,문장,상
지금 십자가에서 내려올지어다 그리하면 우리가 믿겠노라,문장,상
함께 십자가에 못 박힌 강도들도 이와 같이 욕하더라,문장,상
제육시로부터 온 땅에 어둠이 임하여 제구시까지 계속되더니,문장,상
예수께서 다시 크게 소리 지르시고 영혼이 떠나시니다,문장,상
이르되 이는 진실로 하나님의 아들이었도다 하더라,문장,상
거기 막달라 마리아와 다른 마리아가 무덤을 향하여 앉았더라,문장,상
대제사장들과 바리새인들이 함께 빌라도에게 모여 이르되,문장,상
내가 사흘 후에 다시 살아나리라 한 것을 우리가 기억하노니,문장,상
그가 여기 계시지 않고 그가 말씀하시던 대로 살아나셨느니라,문장,상
열한 제자가 갈릴리에 가서 예수께서 지시하신 산에 이르러,문장,상
예수를 뵈옵고 경배하나 아직도 의심하는 사람들이 있더라,문장,상
내가 너희에게 분부한 모든 것을 가르쳐 지키게 하라,문장,상
